timestamp,application,log_level,message,user_id,session_id,source_ip,destination_ip,response_code,latency_ms,cpu_usage,memory_usage,disk_io,network_bandwidth,module,error_code
2025-03-01 08:26:48,BankingApp,INFO,Database connection lost,9060,SID-156153,207.194.77.157,191.98.101.110,400,3558,32.79,74.28,40.54,68.77,Transaction,API_TIMEOUT
2025-03-12 08:26:48,FraudDetection,WARNING,User authentication failed,9447,SID-178022,95.99.53.1,206.109.184.56,401,3257,44.17,74.89,34.82,172.65,Transaction,TXN_FAILURE
2025-02-28 08:26:48,LoanProcessing,CRITICAL,API response delayed,1860,SID-876253,37.170.68.183,37.242.202.190,404,4580,30.12,47.23,15.46,595.04,API Gateway,DB_CONN_FAIL
2025-02-24 08:26:48,LoanProcessing,WARNING,API response delayed,4767,SID-529413,198.138.202.156,83.94.190.13,503,4725,55.31,19.54,8.36,405.21,Auth,API_TIMEOUT
2025-03-08 08:26:48,FraudDetection,INFO,API response delayed,3716,SID-846009,162.179.79.73,135.244.241.12,400,387,34.44,70.69,21.05,155.51,Auth,DB_CONN_FAIL
2025-02-19 08:26:48,InsuranceApp,ERROR,User authentication failed,8818,SID-408774,28.65.2.208,211.235.163.34,503,199,26.64,48.07,39.21,974.31,Database,TXN_FAILURE
2025-02-24 08:26:48,LoanProcessing,WARNING,Transaction processed,1270,SID-512986,141.52.37.149,45.135.213.199,503,2112,47.05,58.52,5.49,801.67,Database,TXN_FAILURE
2025-02-17 08:26:48,BankingApp,ERROR,User authentication failed,8589,SID-181617,85.183.81.12,172.249.65.121,404,1842,85.58,54.83,36.64,350.78,Auth,AUTH_401
2025-03-08 08:26:48,FraudDetection,INFO,Transaction processed,7193,SID-904485,235.63.191.8,66.159.21.124,201,1118,26.15,69.14,4.64,223.57,Transaction,NULL
2025-03-12 08:26:48,LoanProcessing,ERROR,Transaction processed,2207,SID-869473,5.174.105.44,9.216.77.204,201,3373,25.64,26.51,7.78,917.59,Transaction,DB_CONN_FAIL
2025-02-23 08:26:48,BankingApp,WARNING,User authentication failed,6649,SID-221858,174.231.208.8,218.243.254.31,200,1340,15.52,44.67,37.17,237.6,Auth,TXN_FAILURE
2025-02-19 08:26:48,BankingApp,WARNING,User authentication failed,6506,SID-421375,84.55.160.80,148.28.11.177,500,4858,49.72,58.59,18.96,475.08,API Gateway,AUTH_401
2025-02-23 08:26:48,LoanProcessing,ERROR,Transaction processed,7917,SID-309391,131.185.70.7,5.85.130.147,404,2508,26.49,28.63,31.39,803.95,API Gateway,DB_CONN_FAIL
2025-02-20 08:26:48,BankingApp,INFO,API response delayed,5862,SID-449767,160.250.96.107,126.106.119.101,502,2098,41.53,63.02,36.33,425.39,Auth,TXN_FAILURE
2025-03-04 08:26:48,BankingApp,WARNING,Transaction processed,5517,SID-298348,180.157.24.130,65.93.111.228,201,1179,14.23,51.52,36.27,434.79,Transaction,DB_CONN_FAIL
2025-02-25 08:26:48,BankingApp,ERROR,User authentication failed,3659,SID-766974,26.92.163.253,108.229.241.209,503,3566,54.61,77.57,21.0,809.47,Auth,API_TIMEOUT
2025-02-25 08:26:48,InsuranceApp,CRITICAL,Database connection lost,9166,SID-658462,9.6.249.168,69.183.174.212,200,1963,56.71,37.38,26.24,652.63,Auth,TXN_FAILURE
2025-03-05 08:26:48,FraudDetection,ERROR,API response delayed,1592,SID-390784,189.228.199.6,118.21.49.225,200,2254,85.93,47.17,40.29,868.56,Auth,API_TIMEOUT
2025-02-23 08:26:48,BankingApp,CRITICAL,Database connection lost,8202,SID-347116,47.147.164.62,255.229.211.65,200,1198,19.97,58.49,9.43,889.04,Database,NULL
2025-03-04 08:26:48,BankingApp,INFO,Transaction processed,5291,SID-424080,197.44.241.247,178.91.170.242,401,926,51.06,62.74,33.46,960.78,Database,NULL
2025-02-19 08:26:48,FraudDetection,WARNING,User authentication failed,4029,SID-350173,120.73.118.172,163.33.240.51,503,3775,41.28,50.11,25.5,723.77,API Gateway,AUTH_401
2025-03-07 08:26:48,LoanProcessing,ERROR,Transaction processed,4530,SID-648848,139.237.12.45,21.207.249.96,503,3727,82.74,64.19,4.24,520.2,Auth,TXN_FAILURE
2025-03-16 08:26:48,LoanProcessing,INFO,Transaction processed,8404,SID-380816,204.85.4.136,244.74.49.28,503,334,88.12,37.1,2.91,629.71,Transaction,AUTH_401
2025-02-23 08:26:48,FraudDetection,WARNING,Transaction processed,4946,SID-825406,137.152.72.21,167.62.230.89,500,829,75.37,41.17,34.0,738.92,API Gateway,API_TIMEOUT
2025-03-05 08:26:48,BankingApp,ERROR,API response delayed,4389,SID-713358,132.160.85.208,186.100.222.36,200,1124,54.26,63.08,26.98,590.49,Transaction,DB_CONN_FAIL
2025-03-18 08:26:48,InsuranceApp,ERROR,API response delayed,5580,SID-909110,50.121.15.86,134.221.82.226,400,2248,76.94,12.9,30.72,788.28,Transaction,TXN_FAILURE
2025-02-28 08:26:48,BankingApp,ERROR,API response delayed,4420,SID-423404,173.26.26.152,78.151.108.174,200,3329,22.77,26.39,46.63,56.92,Database,AUTH_401
2025-02-21 08:26:48,LoanProcessing,INFO,Transaction processed,9236,SID-216416,173.224.152.95,82.188.76.126,201,4743,43.98,45.13,23.13,749.79,Transaction,API_TIMEOUT
2025-03-18 08:26:48,InsuranceApp,WARNING,User authentication failed,7672,SID-299667,122.54.104.216,120.153.249.176,400,3010,68.4,67.74,19.61,507.59,Transaction,TXN_FAILURE
2025-03-18 08:26:48,BankingApp,WARNING,Database connection lost,6427,SID-687410,129.168.154.80,112.131.15.113,201,2015,50.52,65.75,36.09,389.73,Database,AUTH_401
2025-03-10 08:26:48,LoanProcessing,CRITICAL,Transaction processed,2605,SID-774202,227.216.72.176,204.24.170.132,200,1681,83.0,35.05,36.04,512.99,Auth,API_TIMEOUT
2025-03-12 08:26:48,InsuranceApp,INFO,Transaction processed,1059,SID-204965,104.109.160.73,112.233.191.133,400,3469,60.79,40.22,28.49,783.11,Database,AUTH_401
2025-03-01 08:26:48,InsuranceApp,ERROR,User authentication failed,5775,SID-345352,212.189.56.225,199.252.30.165,403,3433,46.81,27.73,8.16,88.64,Auth,TXN_FAILURE
2025-03-07 08:26:48,BankingApp,CRITICAL,API response delayed,9850,SID-831840,40.158.162.191,225.204.13.134,404,1066,17.27,72.5,16.64,375.49,Auth,AUTH_401
2025-03-03 08:26:48,BankingApp,ERROR,API response delayed,2282,SID-615772,113.38.153.114,45.236.122.206,502,170,81.93,37.98,8.47,612.62,Transaction,AUTH_401
2025-02-18 08:26:48,FraudDetection,ERROR,User authentication failed,4797,SID-522994,240.125.87.225,82.220.124.122,502,1645,37.05,48.77,44.83,876.86,Transaction,AUTH_401
2025-03-04 08:26:48,FraudDetection,CRITICAL,API response delayed,5250,SID-848918,159.88.170.68,255.213.255.217,201,3750,88.72,44.32,2.05,428.88,Database,API_TIMEOUT
2025-02-24 08:26:48,BankingApp,WARNING,Transaction processed,6972,SID-445808,138.172.162.254,161.197.171.37,502,1915,31.05,60.56,11.71,121.33,API Gateway,API_TIMEOUT
2025-02-26 08:26:48,FraudDetection,WARNING,API response delayed,6555,SID-743616,179.133.226.129,149.227.244.68,401,1792,38.87,50.81,22.36,687.58,Transaction,AUTH_401
2025-03-19 08:26:48,FraudDetection,WARNING,API response delayed,8079,SID-612181,130.47.9.131,88.38.24.39,503,4570,48.69,28.95,0.16,964.93,Auth,NULL
2025-03-06 08:26:48,LoanProcessing,INFO,API response delayed,2567,SID-805885,253.253.20.156,54.80.155.149,403,2893,39.24,71.26,22.84,761.16,Transaction,DB_CONN_FAIL
2025-03-08 08:26:48,InsuranceApp,INFO,Transaction processed,6242,SID-849862,147.189.45.21,248.21.63.101,502,4967,79.67,38.85,27.24,803.58,Database,NULL
2025-02-24 08:26:48,InsuranceApp,WARNING,API response delayed,8357,SID-697283,108.114.51.238,22.124.131.140,404,1885,38.11,11.4,16.93,975.97,Transaction,TXN_FAILURE
2025-03-16 08:26:48,BankingApp,ERROR,User authentication failed,4982,SID-581265,243.1.135.90,105.143.196.26,404,1803,17.96,10.05,3.24,278.3,Transaction,NULL
2025-02-18 08:26:48,LoanProcessing,CRITICAL,Transaction processed,6986,SID-527910,43.58.83.14,171.23.88.51,401,1918,79.26,23.0,19.07,878.85,Transaction,NULL
2025-02-22 08:26:48,InsuranceApp,ERROR,Transaction processed,7083,SID-888327,66.96.134.174,253.146.222.67,503,4486,69.48,74.66,24.35,53.7,Auth,TXN_FAILURE
2025-03-11 08:26:48,InsuranceApp,WARNING,Database connection lost,3417,SID-426952,84.122.221.188,121.248.142.88,403,185,55.35,29.73,47.02,40.85,Transaction,AUTH_401
2025-03-12 08:26:48,FraudDetection,ERROR,User authentication failed,4096,SID-755736,234.58.51.226,131.23.98.251,500,128,19.33,55.44,44.6,33.24,Auth,DB_CONN_FAIL
2025-02-22 08:26:48,LoanProcessing,CRITICAL,API response delayed,3342,SID-908840,63.78.178.75,16.60.190.111,403,4986,37.75,58.57,21.86,637.92,API Gateway,NULL
2025-03-14 08:26:48,FraudDetection,INFO,Database connection lost,3396,SID-790366,166.112.145.113,78.124.15.49,404,318,12.42,79.29,31.83,261.2,Transaction,API_TIMEOUT
2025-03-14 08:26:48,FraudDetection,WARNING,User authentication failed,5952,SID-838041,202.210.12.41,247.220.32.166,201,560,65.57,28.4,16.68,324.69,Database,TXN_FAILURE
2025-03-02 08:26:48,LoanProcessing,INFO,API response delayed,1840,SID-149347,2.247.238.88,159.162.50.229,400,2645,23.53,28.5,35.23,185.05,Database,API_TIMEOUT
2025-03-01 08:26:48,InsuranceApp,WARNING,Database connection lost,8800,SID-129237,170.202.98.63,229.37.11.18,400,2439,65.63,53.02,15.97,275.24,Auth,API_TIMEOUT
2025-02-20 08:26:48,LoanProcessing,CRITICAL,API response delayed,2201,SID-134112,198.77.255.88,106.70.76.192,404,3204,78.75,69.72,9.8,974.1,Transaction,NULL
2025-03-08 08:26:48,BankingApp,WARNING,Database connection lost,4903,SID-724495,32.149.155.195,41.169.182.25,400,1358,68.47,29.8,32.51,553.56,Database,TXN_FAILURE
2025-03-06 08:26:48,FraudDetection,WARNING,Database connection lost,4140,SID-567179,189.96.125.93,24.65.82.164,503,3042,29.45,31.08,29.53,286.2,API Gateway,NULL
2025-03-02 08:26:48,InsuranceApp,CRITICAL,Transaction processed,8150,SID-836916,9.21.131.113,220.193.221.114,502,627,40.97,16.7,1.41,555.81,Database,API_TIMEOUT
2025-03-04 08:26:48,BankingApp,CRITICAL,Database connection lost,8457,SID-495469,52.98.91.219,221.26.20.91,201,1090,60.84,33.83,40.51,519.76,Database,NULL
2025-03-07 08:26:48,InsuranceApp,CRITICAL,API response delayed,7274,SID-967993,113.106.52.63,71.52.128.21,400,1768,43.3,61.99,37.67,798.29,Database,DB_CONN_FAIL
2025-03-10 08:26:48,LoanProcessing,INFO,Transaction processed,2325,SID-830323,232.210.40.76,143.129.21.103,503,2807,75.47,37.84,26.63,637.87,API Gateway,TXN_FAILURE
2025-02-18 08:26:48,FraudDetection,ERROR,API response delayed,9780,SID-327632,157.29.221.72,108.220.204.105,200,3465,87.26,23.58,7.28,613.13,API Gateway,DB_CONN_FAIL
2025-02-26 08:26:48,FraudDetection,INFO,Transaction processed,4245,SID-299454,83.79.229.168,28.3.75.165,500,3932,73.22,71.87,23.46,902.12,API Gateway,TXN_FAILURE
2025-03-01 08:26:48,FraudDetection,ERROR,API response delayed,5788,SID-149891,68.129.190.167,41.171.28.17,500,1718,88.33,25.1,42.4,859.28,Auth,NULL
2025-03-08 08:26:48,FraudDetection,INFO,API response delayed,4434,SID-572621,27.186.1.13,52.158.21.116,404,768,45.83,65.48,25.39,436.0,Transaction,API_TIMEOUT
2025-03-15 08:26:48,InsuranceApp,INFO,Transaction processed,4854,SID-233544,200.5.14.83,201.228.65.157,404,4279,82.97,29.28,18.41,610.9,Auth,TXN_FAILURE
2025-02-22 08:26:48,FraudDetection,ERROR,API response delayed,1838,SID-815991,118.33.69.214,62.180.29.78,200,817,26.34,49.98,35.28,709.39,Auth,NULL
2025-03-07 08:26:48,BankingApp,ERROR,Transaction processed,7878,SID-426870,164.78.207.191,135.25.24.174,503,445,23.03,32.53,46.66,673.5,Transaction,NULL
2025-03-11 08:26:48,InsuranceApp,CRITICAL,API response delayed,7066,SID-589758,11.114.209.208,134.105.156.54,502,3887,19.05,11.41,41.14,752.22,Auth,API_TIMEOUT
2025-02-17 08:26:48,FraudDetection,WARNING,Transaction processed,2281,SID-760788,136.21.143.236,127.36.233.190,403,2804,81.07,63.03,1.0,481.68,Auth,NULL
2025-03-16 08:26:48,LoanProcessing,ERROR,Database connection lost,7716,SID-332146,192.63.176.57,96.50.31.130,403,1761,68.9,67.78,47.8,743.71,Database,DB_CONN_FAIL
2025-03-16 08:26:48,LoanProcessing,ERROR,User authentication failed,6162,SID-468241,182.29.43.220,172.23.240.106,400,2008,73.0,43.74,0.24,619.98,Auth,AUTH_401
2025-02-18 08:26:48,BankingApp,WARNING,Transaction processed,6141,SID-795947,230.166.230.72,10.164.61.216,201,4533,28.55,51.29,34.64,766.79,Database,AUTH_401
2025-03-07 08:26:48,FraudDetection,CRITICAL,Database connection lost,2352,SID-298454,184.83.123.101,29.137.207.129,400,1177,60.43,67.51,44.57,840.07,Transaction,AUTH_401
2025-03-18 08:26:48,BankingApp,CRITICAL,Database connection lost,8948,SID-711594,157.201.173.141,163.114.221.145,502,2950,45.91,23.96,18.01,107.27,Transaction,NULL
2025-03-05 08:26:48,BankingApp,ERROR,User authentication failed,2947,SID-900844,211.17.116.16,244.68.164.13,201,2301,22.52,35.71,48.11,765.18,Auth,TXN_FAILURE
2025-03-07 08:26:48,FraudDetection,INFO,Transaction processed,2329,SID-478601,5.126.244.202,168.144.98.215,201,2076,76.1,22.66,46.88,724.57,Transaction,TXN_FAILURE
2025-03-18 08:26:48,LoanProcessing,ERROR,User authentication failed,6017,SID-762536,150.226.172.226,2.140.171.138,500,3309,57.42,38.06,13.06,535.65,Auth,API_TIMEOUT
2025-03-09 08:26:48,FraudDetection,INFO,Transaction processed,3404,SID-602231,184.66.235.45,158.204.182.156,400,4880,38.38,16.43,44.29,473.44,API Gateway,DB_CONN_FAIL
2025-03-02 08:26:48,BankingApp,WARNING,Database connection lost,8630,SID-319168,174.122.233.212,149.80.226.95,200,786,86.84,25.17,2.38,138.25,Transaction,DB_CONN_FAIL
2025-02-20 08:26:48,BankingApp,ERROR,Database connection lost,4503,SID-900676,147.83.8.45,80.102.191.179,403,4241,59.62,22.7,39.44,672.73,Database,API_TIMEOUT
2025-02-19 08:26:48,FraudDetection,INFO,Transaction processed,6851,SID-381290,135.82.80.87,36.227.90.250,400,157,17.35,78.96,31.91,632.86,Transaction,TXN_FAILURE
2025-02-17 08:26:48,FraudDetection,WARNING,User authentication failed,9011,SID-455859,102.213.221.38,201.142.232.210,201,339,19.66,19.49,11.27,962.41,Transaction,DB_CONN_FAIL
2025-03-17 08:26:48,InsuranceApp,WARNING,Transaction processed,5935,SID-957621,162.250.54.23,138.125.149.18,502,2445,50.81,40.54,45.61,944.43,Auth,DB_CONN_FAIL
2025-03-07 08:26:48,FraudDetection,WARNING,Transaction processed,3979,SID-411619,236.172.27.169,33.165.134.246,403,3248,29.9,50.33,8.68,871.5,Transaction,AUTH_401
2025-02-17 08:26:48,FraudDetection,WARNING,Transaction processed,1781,SID-789856,190.30.246.75,119.174.179.236,502,3991,63.72,66.38,34.22,984.36,Transaction,API_TIMEOUT
2025-02-28 08:26:48,BankingApp,INFO,Database connection lost,8753,SID-655498,117.190.158.8,177.31.171.128,201,2253,65.35,76.98,45.44,57.99,Auth,API_TIMEOUT
2025-03-02 08:26:48,FraudDetection,WARNING,User authentication failed,3281,SID-989477,142.89.28.243,108.98.196.139,403,3974,73.05,77.26,18.66,318.4,API Gateway,TXN_FAILURE
2025-02-22 08:26:48,LoanProcessing,ERROR,Transaction processed,2069,SID-186822,74.153.43.181,186.203.116.84,503,1428,46.8,62.75,35.56,657.72,Transaction,DB_CONN_FAIL
2025-03-03 08:26:48,BankingApp,ERROR,Database connection lost,3378,SID-530276,147.14.105.138,36.29.116.71,502,2768,78.57,39.9,24.06,327.66,API Gateway,NULL
2025-03-18 08:26:48,BankingApp,ERROR,Database connection lost,7459,SID-633551,148.141.63.159,130.39.15.97,200,4341,15.48,51.28,18.92,235.5,API Gateway,TXN_FAILURE
2025-03-07 08:26:48,FraudDetection,ERROR,User authentication failed,3846,SID-175081,236.26.36.155,110.60.113.54,500,1825,18.48,48.87,42.45,804.29,Transaction,API_TIMEOUT
2025-02-22 08:26:48,LoanProcessing,ERROR,API response delayed,3011,SID-216855,202.156.210.170,8.28.214.182,503,4398,74.5,67.16,6.81,783.55,Transaction,AUTH_401
2025-03-18 08:26:48,BankingApp,CRITICAL,API response delayed,6963,SID-255119,166.202.68.171,58.68.166.129,200,331,63.57,66.19,8.13,929.44,Auth,DB_CONN_FAIL
2025-02-17 08:26:48,InsuranceApp,INFO,Transaction processed,2284,SID-171569,255.133.73.219,6.109.186.133,201,523,27.27,19.39,44.47,170.57,API Gateway,DB_CONN_FAIL
2025-02-27 08:26:48,BankingApp,CRITICAL,Database connection lost,9245,SID-560772,160.165.248.23,234.40.98.62,201,1129,54.31,23.99,31.58,284.38,Auth,TXN_FAILURE
2025-03-09 08:26:48,FraudDetection,ERROR,API response delayed,3055,SID-680645,88.231.55.159,137.249.41.112,400,2998,14.95,63.5,24.23,379.79,Database,TXN_FAILURE
2025-03-03 08:26:48,BankingApp,CRITICAL,Database connection lost,6279,SID-951609,240.88.250.146,169.245.12.212,502,4252,54.59,56.12,36.88,444.4,Database,NULL
2025-03-07 08:26:48,InsuranceApp,ERROR,Database connection lost,6621,SID-822992,54.91.54.249,149.41.41.245,500,1782,25.09,72.45,25.18,508.93,Database,DB_CONN_FAIL
2025-03-17 08:26:48,LoanProcessing,WARNING,Transaction processed,6353,SID-465983,25.221.111.57,16.34.56.166,404,1415,69.15,57.65,49.44,26.01,API Gateway,AUTH_401
2025-03-19 08:26:48,LoanProcessing,CRITICAL,API response delayed,7725,SID-969208,18.159.66.95,171.95.157.224,401,4809,30.44,74.44,41.43,384.34,Transaction,API_TIMEOUT
2025-03-14 08:26:48,BankingApp,WARNING,User authentication failed,7237,SID-884555,107.190.75.254,222.109.116.76,401,4694,30.01,49.77,26.07,280.19,Database,TXN_FAILURE
2025-03-06 08:26:48,BankingApp,INFO,Transaction processed,8101,SID-517675,173.92.64.30,129.150.85.103,500,2813,44.47,14.08,22.19,446.55,Transaction,NULL
2025-02-25 08:26:48,InsuranceApp,WARNING,API response delayed,9380,SID-549442,172.227.168.94,25.48.231.240,502,870,19.95,40.43,31.27,656.06,Database,TXN_FAILURE
2025-03-17 08:26:48,LoanProcessing,INFO,Transaction processed,4860,SID-286370,217.86.206.198,200.245.155.208,401,1451,41.98,15.94,49.51,463.93,Database,DB_CONN_FAIL
2025-03-08 08:26:48,FraudDetection,WARNING,User authentication failed,3807,SID-135754,208.57.242.211,152.231.165.127,404,2061,13.3,37.84,45.39,782.82,Auth,DB_CONN_FAIL
2025-03-07 08:26:48,LoanProcessing,INFO,Database connection lost,7027,SID-837318,54.149.64.16,224.199.120.254,200,2095,48.97,58.56,47.05,777.02,Transaction,API_TIMEOUT
2025-02-24 08:26:48,FraudDetection,CRITICAL,API response delayed,5773,SID-504361,108.141.164.221,248.36.18.157,503,3388,21.72,23.6,44.99,862.67,Database,API_TIMEOUT
2025-02-17 08:26:48,BankingApp,ERROR,API response delayed,6266,SID-996794,248.134.177.200,97.213.154.52,403,3516,71.12,34.91,42.2,63.94,Database,NULL
2025-02-26 08:26:48,LoanProcessing,ERROR,API response delayed,3017,SID-689883,7.1.121.63,111.210.199.14,403,1244,20.17,51.94,22.84,705.41,Auth,AUTH_401
2025-03-10 08:26:48,FraudDetection,ERROR,Database connection lost,7896,SID-506977,55.236.61.210,160.208.59.23,503,2699,73.02,74.89,10.76,101.07,API Gateway,API_TIMEOUT
2025-02-20 08:26:48,FraudDetection,WARNING,Transaction processed,2990,SID-216409,147.22.224.46,86.68.10.156,403,3530,69.13,29.59,28.01,138.42,Auth,AUTH_401
2025-03-13 08:26:48,LoanProcessing,CRITICAL,Database connection lost,2489,SID-882471,24.198.5.229,236.196.174.97,401,1262,85.94,23.3,31.99,64.18,Auth,DB_CONN_FAIL
2025-02-18 08:26:48,BankingApp,INFO,User authentication failed,3396,SID-240171,188.167.213.178,203.58.36.35,201,3131,59.93,52.96,44.1,570.33,Database,AUTH_401
2025-03-14 08:26:48,InsuranceApp,INFO,User authentication failed,9162,SID-138054,118.195.156.141,69.8.155.188,500,142,48.84,43.61,43.2,895.05,Auth,DB_CONN_FAIL
2025-03-07 08:26:48,LoanProcessing,INFO,User authentication failed,9106,SID-970321,192.37.51.242,100.201.74.93,403,3626,71.75,18.44,20.49,982.27,Auth,TXN_FAILURE
2025-02-20 08:26:48,BankingApp,WARNING,Transaction processed,3079,SID-514560,38.51.23.254,107.238.141.65,500,1558,84.27,24.68,26.94,748.66,API Gateway,DB_CONN_FAIL
2025-03-05 08:26:48,LoanProcessing,INFO,API response delayed,9877,SID-568553,101.12.227.67,26.90.132.231,201,3560,85.32,63.11,24.08,713.25,Database,TXN_FAILURE
2025-03-03 08:26:48,FraudDetection,WARNING,Transaction processed,6033,SID-921717,182.27.20.221,26.129.6.80,503,2293,70.31,55.62,8.26,791.42,Transaction,AUTH_401
2025-03-11 08:26:48,LoanProcessing,WARNING,User authentication failed,8813,SID-339154,233.191.59.100,198.119.17.187,401,4477,49.89,11.38,34.76,499.29,API Gateway,TXN_FAILURE
2025-03-05 08:26:48,InsuranceApp,CRITICAL,Transaction processed,7498,SID-312146,251.251.140.32,247.107.228.189,400,4122,74.47,72.93,31.32,225.55,Transaction,NULL
2025-03-12 08:26:48,InsuranceApp,ERROR,User authentication failed,8907,SID-610771,243.27.148.36,89.166.45.68,400,4644,46.62,35.15,3.39,137.91,Database,DB_CONN_FAIL
2025-03-10 08:26:48,BankingApp,CRITICAL,Transaction processed,2786,SID-133728,43.118.225.23,246.6.120.9,200,3448,22.59,48.8,29.88,577.41,Database,NULL
2025-03-15 08:26:48,FraudDetection,INFO,User authentication failed,3464,SID-371748,73.65.113.137,240.223.80.14,401,261,51.55,66.04,44.75,236.08,Transaction,AUTH_401
2025-03-17 08:26:48,FraudDetection,INFO,Database connection lost,5058,SID-757245,145.105.157.69,198.199.39.216,400,1724,56.72,67.65,42.35,667.58,Database,API_TIMEOUT
2025-03-01 08:26:48,BankingApp,ERROR,Database connection lost,6149,SID-633204,155.210.18.88,202.27.100.86,503,4457,22.47,26.77,35.15,993.2,API Gateway,NULL
2025-03-18 08:26:48,LoanProcessing,INFO,API response delayed,3647,SID-608204,58.133.193.117,226.75.251.243,403,4006,79.13,47.0,20.1,775.07,Database,API_TIMEOUT
2025-03-03 08:26:48,InsuranceApp,ERROR,Database connection lost,8091,SID-419847,158.123.118.6,51.96.183.69,400,3963,48.79,13.2,47.94,818.75,Auth,AUTH_401
2025-02-17 08:26:48,FraudDetection,ERROR,Transaction processed,7143,SID-294878,61.138.98.157,97.143.155.137,201,2476,54.94,33.4,34.32,645.99,Auth,TXN_FAILURE
2025-02-28 08:26:48,InsuranceApp,WARNING,Transaction processed,6653,SID-760158,138.24.65.30,11.81.53.235,200,2873,12.81,62.35,12.65,29.82,Database,TXN_FAILURE
2025-02-20 08:26:48,LoanProcessing,CRITICAL,API response delayed,9394,SID-330590,227.230.235.2,71.131.222.100,503,3111,70.4,38.42,43.87,944.67,Database,DB_CONN_FAIL
2025-02-27 08:26:48,FraudDetection,WARNING,Transaction processed,1493,SID-419380,198.232.139.147,197.17.78.157,201,996,18.01,17.16,33.18,98.87,Database,API_TIMEOUT
2025-02-23 08:26:48,InsuranceApp,INFO,Database connection lost,6067,SID-485900,173.103.231.67,212.40.114.23,502,137,34.53,32.4,22.17,410.09,Transaction,DB_CONN_FAIL
2025-03-15 08:26:48,LoanProcessing,WARNING,API response delayed,6383,SID-677837,137.40.249.170,44.196.18.145,403,1227,71.17,31.57,48.9,729.57,API Gateway,DB_CONN_FAIL
2025-03-16 08:26:48,LoanProcessing,ERROR,Database connection lost,8380,SID-857109,112.21.21.223,250.163.29.15,500,2152,30.69,57.55,48.14,455.99,API Gateway,NULL
2025-03-04 08:26:48,InsuranceApp,WARNING,User authentication failed,4926,SID-233131,208.143.149.128,155.86.249.252,200,535,45.77,48.37,47.9,202.81,Database,API_TIMEOUT
2025-03-15 08:26:48,LoanProcessing,INFO,Transaction processed,4685,SID-408354,79.108.141.154,181.182.13.210,404,4413,87.24,54.02,26.2,90.84,Database,TXN_FAILURE
2025-02-21 08:26:48,LoanProcessing,WARNING,User authentication failed,6877,SID-885910,74.157.105.99,89.41.183.113,502,772,84.63,49.44,49.89,182.19,Database,API_TIMEOUT
2025-03-11 08:26:48,BankingApp,INFO,Database connection lost,5837,SID-416995,62.6.45.68,76.123.67.10,200,2227,42.88,11.48,35.22,221.53,Database,AUTH_401
2025-03-09 08:26:48,FraudDetection,ERROR,Database connection lost,3249,SID-795862,193.117.47.158,216.141.97.81,500,2064,22.44,24.62,31.72,393.24,Database,API_TIMEOUT
2025-03-01 08:26:48,LoanProcessing,WARNING,Database connection lost,4183,SID-172088,188.186.216.150,48.119.39.190,400,1425,47.79,15.91,34.2,875.12,Database,NULL
2025-02-23 08:26:48,InsuranceApp,CRITICAL,Transaction processed,4788,SID-478992,208.158.245.96,116.162.169.86,404,4479,48.54,79.02,8.01,759.9,Database,DB_CONN_FAIL
2025-03-01 08:26:48,FraudDetection,INFO,API response delayed,4539,SID-657671,166.116.114.224,9.93.141.79,201,2410,74.29,10.95,21.36,580.25,Database,AUTH_401
2025-03-06 08:26:48,FraudDetection,ERROR,Database connection lost,9589,SID-780122,47.18.98.159,138.93.246.151,503,4259,68.41,27.67,33.5,596.03,Auth,TXN_FAILURE
2025-02-20 08:26:48,InsuranceApp,WARNING,User authentication failed,6942,SID-379789,18.209.110.146,182.254.240.89,404,1767,42.84,43.67,47.44,525.24,API Gateway,DB_CONN_FAIL
2025-02-24 08:26:48,FraudDetection,INFO,Database connection lost,9792,SID-299755,83.218.220.181,74.240.245.255,201,3909,72.07,58.89,21.64,626.17,API Gateway,AUTH_401
2025-02-18 08:26:48,LoanProcessing,WARNING,User authentication failed,6864,SID-763159,100.190.14.73,254.253.41.254,404,4278,74.47,70.36,31.58,18.63,Transaction,TXN_FAILURE
2025-02-18 08:26:48,BankingApp,INFO,Transaction processed,5886,SID-183555,167.96.201.70,154.93.234.167,503,4200,67.12,60.48,14.63,123.13,Auth,DB_CONN_FAIL
2025-02-25 08:26:48,FraudDetection,WARNING,User authentication failed,2209,SID-184972,160.84.180.117,169.223.210.175,403,4014,84.05,35.39,13.82,578.1,Transaction,TXN_FAILURE
2025-03-05 08:26:48,InsuranceApp,ERROR,API response delayed,2124,SID-790960,109.240.245.99,67.236.13.63,500,2484,13.25,62.7,20.48,890.21,Database,TXN_FAILURE
2025-03-08 08:26:48,FraudDetection,CRITICAL,API response delayed,1304,SID-563903,141.141.37.246,52.235.50.48,400,1179,40.7,42.6,49.29,391.45,API Gateway,API_TIMEOUT
2025-02-25 08:26:48,InsuranceApp,INFO,Database connection lost,7118,SID-255262,98.228.96.182,223.37.73.18,500,1796,51.93,52.1,42.98,887.98,Auth,API_TIMEOUT
2025-03-08 08:26:48,BankingApp,ERROR,Transaction processed,2807,SID-684840,251.120.255.65,72.49.69.242,500,3851,72.81,10.57,8.79,171.8,API Gateway,TXN_FAILURE
2025-03-08 08:26:48,InsuranceApp,WARNING,API response delayed,7199,SID-419358,253.198.161.181,172.153.55.90,500,3423,80.23,69.13,2.3,705.16,Auth,NULL
2025-03-04 08:26:48,FraudDetection,CRITICAL,API response delayed,8998,SID-558744,117.135.80.226,14.169.134.31,500,1996,63.25,13.3,19.95,475.92,Transaction,TXN_FAILURE
2025-03-16 08:26:48,BankingApp,INFO,Transaction processed,6646,SID-982409,209.237.212.212,239.155.162.185,201,3340,22.0,74.82,19.13,707.03,Auth,AUTH_401
2025-03-12 08:26:48,LoanProcessing,INFO,Database connection lost,8781,SID-703472,113.20.148.142,88.236.107.245,502,1491,80.49,69.88,25.86,39.44,Auth,TXN_FAILURE
2025-02-23 08:26:48,FraudDetection,CRITICAL,API response delayed,1081,SID-362458,182.81.243.143,120.10.101.132,400,2456,24.86,64.53,31.34,308.15,Transaction,NULL
2025-03-04 08:26:48,FraudDetection,WARNING,Database connection lost,4949,SID-771628,242.130.3.54,52.157.199.10,401,3233,23.88,68.88,10.78,484.42,Auth,API_TIMEOUT
2025-03-11 08:26:48,FraudDetection,CRITICAL,Database connection lost,5632,SID-255792,104.61.202.200,190.229.60.165,502,2525,13.13,43.19,36.32,118.45,Auth,AUTH_401
2025-03-01 08:26:48,BankingApp,WARNING,User authentication failed,2906,SID-350980,80.150.187.196,3.236.231.103,503,1180,65.98,67.87,38.01,93.17,API Gateway,AUTH_401
2025-03-05 08:26:48,InsuranceApp,INFO,API response delayed,8615,SID-485336,109.245.44.232,222.231.187.170,200,445,71.79,21.26,5.16,576.68,Database,TXN_FAILURE
2025-03-05 08:26:48,LoanProcessing,INFO,User authentication failed,9967,SID-202668,164.33.19.27,151.66.29.18,200,1872,28.58,57.34,32.91,32.82,API Gateway,NULL
2025-03-15 08:26:48,FraudDetection,ERROR,API response delayed,4544,SID-118447,58.208.235.142,124.255.128.80,503,115,69.71,71.76,48.89,748.32,Transaction,NULL
2025-03-14 08:26:48,FraudDetection,CRITICAL,Transaction processed,1987,SID-774714,67.135.46.171,224.209.74.16,401,317,59.36,78.76,26.52,742.7,Database,TXN_FAILURE
2025-02-27 08:26:48,InsuranceApp,INFO,Database connection lost,6539,SID-213846,73.160.35.188,64.62.73.87,401,2328,51.85,14.91,46.05,689.17,Auth,DB_CONN_FAIL
2025-03-05 08:26:48,BankingApp,CRITICAL,User authentication failed,5313,SID-862432,39.62.253.189,163.208.78.177,502,1193,75.8,23.73,35.62,992.26,Auth,API_TIMEOUT
2025-03-16 08:26:48,LoanProcessing,INFO,API response delayed,9327,SID-431955,175.85.240.203,81.149.121.210,403,3094,26.91,78.46,31.87,212.34,API Gateway,NULL
2025-03-07 08:26:48,FraudDetection,INFO,Database connection lost,8807,SID-443820,193.168.12.209,212.151.144.153,403,2023,45.79,73.25,21.44,144.08,Database,DB_CONN_FAIL
2025-03-11 08:26:48,LoanProcessing,ERROR,Database connection lost,4654,SID-761465,106.124.77.29,28.225.101.198,403,1999,52.56,64.41,41.73,589.28,Transaction,NULL
2025-02-19 08:26:48,FraudDetection,CRITICAL,User authentication failed,2141,SID-117546,108.87.76.170,121.175.171.172,503,3864,13.02,69.45,23.54,491.17,Database,DB_CONN_FAIL
2025-02-17 08:26:48,FraudDetection,CRITICAL,Transaction processed,7412,SID-137182,146.246.137.27,19.185.84.177,503,4463,42.08,14.96,6.65,335.32,API Gateway,NULL
2025-03-10 08:26:48,FraudDetection,WARNING,Transaction processed,8972,SID-918757,194.205.249.191,32.46.239.83,404,4862,83.27,72.81,38.89,491.03,API Gateway,DB_CONN_FAIL
2025-02-19 08:26:48,InsuranceApp,WARNING,API response delayed,7272,SID-826252,252.222.151.28,147.230.83.134,500,4949,17.04,32.1,10.38,24.57,Database,DB_CONN_FAIL
2025-02-24 08:26:48,BankingApp,INFO,Database connection lost,5330,SID-523952,160.143.191.221,208.164.44.90,500,656,52.36,73.85,23.3,483.3,Database,AUTH_401
2025-03-17 08:26:48,LoanProcessing,ERROR,User authentication failed,2591,SID-130003,27.187.142.243,95.24.62.57,500,755,42.45,30.53,17.48,788.9,API Gateway,NULL
2025-03-17 08:26:48,InsuranceApp,CRITICAL,User authentication failed,7978,SID-469925,62.132.59.137,27.153.149.176,201,3440,47.01,68.81,33.92,124.91,Auth,DB_CONN_FAIL
2025-02-22 08:26:48,InsuranceApp,INFO,API response delayed,2106,SID-413726,88.121.230.187,183.143.133.177,401,2428,11.55,41.7,25.86,55.93,Auth,AUTH_401
2025-03-10 08:26:48,InsuranceApp,CRITICAL,API response delayed,5829,SID-424771,194.85.155.19,194.90.123.52,201,4092,42.17,62.45,12.28,241.29,Auth,NULL
2025-02-21 08:26:48,LoanProcessing,CRITICAL,Transaction processed,1790,SID-201695,204.63.118.114,252.84.113.149,500,2711,26.21,70.31,46.22,617.06,Auth,NULL
2025-02-24 08:26:48,InsuranceApp,WARNING,User authentication failed,2856,SID-583867,62.75.113.225,15.214.64.252,404,1824,25.65,30.15,44.8,20.65,Auth,API_TIMEOUT
2025-02-17 08:26:48,FraudDetection,INFO,API response delayed,5459,SID-102778,10.129.19.53,140.81.186.124,401,2159,44.67,68.54,28.41,363.03,API Gateway,NULL
2025-03-10 08:26:48,InsuranceApp,CRITICAL,Database connection lost,6580,SID-993279,192.144.120.41,222.192.47.181,401,3132,75.45,42.97,7.02,144.98,API Gateway,NULL
2025-03-01 08:26:48,BankingApp,WARNING,User authentication failed,1501,SID-596771,239.166.160.98,218.80.229.196,403,2502,72.66,24.49,49.56,521.75,Transaction,DB_CONN_FAIL
2025-02-28 08:26:48,BankingApp,WARNING,API response delayed,8282,SID-203830,125.251.54.152,138.243.206.154,500,579,57.55,39.33,17.16,355.3,Auth,TXN_FAILURE
2025-03-09 08:26:48,LoanProcessing,WARNING,Transaction processed,4619,SID-744793,36.12.124.162,120.244.79.190,502,556,68.47,50.99,20.86,63.75,API Gateway,TXN_FAILURE
2025-03-05 08:26:48,InsuranceApp,WARNING,Transaction processed,8227,SID-487798,64.113.9.17,114.51.115.161,401,1595,51.47,41.72,46.91,868.71,Auth,AUTH_401
2025-03-10 08:26:48,BankingApp,WARNING,User authentication failed,1184,SID-980149,219.235.90.214,226.38.116.100,400,1299,35.6,67.46,10.5,327.22,Transaction,TXN_FAILURE
2025-03-15 08:26:48,InsuranceApp,INFO,API response delayed,8846,SID-391790,105.66.148.34,59.233.113.169,401,3525,42.15,73.37,36.7,169.27,API Gateway,NULL
2025-02-25 08:26:48,FraudDetection,CRITICAL,User authentication failed,5085,SID-636537,58.50.160.56,44.142.186.243,502,684,17.65,58.73,37.75,916.6,API Gateway,DB_CONN_FAIL
2025-03-01 08:26:48,FraudDetection,ERROR,API response delayed,9199,SID-146254,121.82.249.222,249.194.254.239,401,438,79.36,48.86,48.2,432.37,API Gateway,NULL
2025-02-18 08:26:48,InsuranceApp,ERROR,API response delayed,3062,SID-597744,108.70.164.174,199.223.222.185,500,3319,54.68,32.97,8.05,141.03,Database,API_TIMEOUT
2025-02-17 08:26:48,LoanProcessing,WARNING,User authentication failed,6496,SID-604702,229.203.203.67,105.38.127.171,503,2230,52.15,25.56,47.29,704.66,API Gateway,DB_CONN_FAIL
2025-03-06 08:26:48,InsuranceApp,WARNING,User authentication failed,8401,SID-762066,13.96.179.224,46.83.81.91,401,2416,22.77,57.01,25.46,503.19,API Gateway,NULL
2025-03-11 08:26:48,FraudDetection,CRITICAL,Transaction processed,8168,SID-746119,92.213.252.37,203.216.90.170,502,3423,70.96,59.75,17.35,360.82,Auth,AUTH_401
2025-02-20 08:26:48,LoanProcessing,CRITICAL,API response delayed,9796,SID-620905,185.21.56.252,252.250.16.226,201,733,46.29,27.28,35.55,41.72,API Gateway,DB_CONN_FAIL
2025-02-18 08:26:48,BankingApp,ERROR,Transaction processed,4947,SID-751920,222.198.164.174,152.134.120.221,400,3507,33.14,76.92,26.25,959.55,Database,DB_CONN_FAIL
2025-03-08 08:26:48,InsuranceApp,CRITICAL,Transaction processed,3425,SID-505246,172.41.109.244,142.201.237.203,404,4528,84.21,24.75,14.27,73.23,API Gateway,NULL
2025-03-01 08:26:48,LoanProcessing,CRITICAL,Transaction processed,9465,SID-997036,51.23.167.175,52.104.222.98,404,3187,80.83,29.46,20.27,615.02,Auth,NULL
2025-03-04 08:26:48,LoanProcessing,WARNING,User authentication failed,1448,SID-291841,22.5.41.85,38.170.37.175,500,4547,49.45,22.92,5.62,896.45,API Gateway,API_TIMEOUT
2025-03-12 08:26:48,FraudDetection,ERROR,API response delayed,8871,SID-593113,41.137.220.229,242.212.70.51,404,696,34.26,39.24,6.83,144.82,Transaction,TXN_FAILURE
2025-03-06 08:26:48,InsuranceApp,INFO,Database connection lost,4582,SID-713394,64.170.65.141,95.140.63.96,403,2970,59.26,20.68,6.87,879.52,Auth,API_TIMEOUT
2025-03-12 08:26:48,InsuranceApp,WARNING,User authentication failed,7698,SID-856619,55.34.103.62,197.39.238.169,500,3198,69.18,11.65,41.16,134.75,Database,NULL
2025-03-19 08:26:48,BankingApp,WARNING,Database connection lost,7467,SID-993761,55.253.118.232,70.104.134.249,503,2348,15.42,30.13,46.75,11.63,Auth,NULL
2025-03-07 08:26:48,BankingApp,CRITICAL,User authentication failed,2088,SID-532390,133.226.49.245,133.73.17.247,403,1973,85.23,14.94,36.32,30.58,Database,DB_CONN_FAIL
2025-02-23 08:26:48,InsuranceApp,ERROR,Database connection lost,8290,SID-636039,58.164.27.50,55.205.240.229,500,1689,21.0,55.1,43.72,457.89,Database,API_TIMEOUT
2025-03-17 08:26:48,FraudDetection,WARNING,API response delayed,2651,SID-842286,202.190.175.235,95.181.90.33,500,2818,27.69,29.02,20.31,197.18,Database,NULL
2025-03-06 08:26:48,LoanProcessing,ERROR,Transaction processed,1593,SID-983448,76.177.231.193,164.224.150.190,500,2637,66.44,77.34,33.21,142.23,Transaction,AUTH_401
2025-03-12 08:26:48,BankingApp,WARNING,API response delayed,2260,SID-646761,14.232.113.197,180.98.155.7,500,2024,62.01,57.8,13.38,793.44,Transaction,TXN_FAILURE
2025-03-16 08:26:48,LoanProcessing,WARNING,Transaction processed,3373,SID-364570,251.155.104.66,248.206.250.139,400,3265,88.56,22.5,39.08,64.64,Transaction,API_TIMEOUT
2025-02-26 08:26:48,BankingApp,WARNING,API response delayed,3504,SID-750378,44.62.130.2,156.105.22.143,403,2362,17.49,55.5,43.26,637.93,Transaction,NULL
2025-03-03 08:26:48,BankingApp,CRITICAL,Database connection lost,5619,SID-378790,68.188.96.8,214.250.129.134,401,1231,86.76,71.64,48.31,749.63,Auth,API_TIMEOUT
2025-03-14 08:26:48,InsuranceApp,ERROR,User authentication failed,5624,SID-821418,150.207.5.155,59.139.202.25,200,936,52.89,37.47,2.14,52.02,Transaction,API_TIMEOUT
2025-02-25 08:26:48,BankingApp,ERROR,API response delayed,9927,SID-889745,118.60.69.235,77.44.175.82,403,3339,36.11,16.73,31.36,391.34,Auth,NULL
2025-03-09 08:26:48,InsuranceApp,ERROR,API response delayed,3306,SID-593119,216.169.106.8,40.148.15.64,201,4229,81.63,73.02,26.49,178.18,Transaction,AUTH_401
2025-02-24 08:26:48,FraudDetection,WARNING,Transaction processed,4797,SID-774256,60.6.60.82,78.217.50.200,404,2452,21.56,55.11,6.07,39.23,Transaction,NULL
2025-02-21 08:26:48,InsuranceApp,INFO,Database connection lost,3490,SID-868578,57.13.116.149,154.205.85.106,404,3223,58.98,75.3,8.34,840.96,API Gateway,DB_CONN_FAIL
2025-02-19 08:26:48,FraudDetection,INFO,Transaction processed,4692,SID-174157,59.203.123.101,239.27.5.241,403,3085,40.22,50.26,29.0,857.42,Transaction,TXN_FAILURE
2025-03-15 08:26:48,BankingApp,ERROR,Database connection lost,7194,SID-898241,40.117.42.155,47.141.60.170,404,772,20.2,65.0,46.95,437.44,API Gateway,API_TIMEOUT
2025-03-17 08:26:48,FraudDetection,CRITICAL,Transaction processed,3290,SID-856260,249.53.41.135,17.65.7.23,503,4405,65.02,79.86,27.36,121.32,API Gateway,AUTH_401
2025-03-01 08:26:48,FraudDetection,ERROR,API response delayed,7429,SID-708613,45.216.242.80,94.8.46.43,500,2932,44.61,38.5,20.75,549.87,Auth,API_TIMEOUT
2025-03-14 08:26:48,FraudDetection,WARNING,API response delayed,5257,SID-768546,60.179.13.59,91.80.214.50,401,1849,36.79,79.94,24.24,320.0,Auth,DB_CONN_FAIL
2025-03-18 08:26:48,InsuranceApp,WARNING,Database connection lost,9614,SID-718939,139.20.46.225,206.206.120.210,201,2196,39.98,25.02,47.17,843.93,Transaction,AUTH_401
2025-03-09 08:26:48,BankingApp,INFO,Transaction processed,6297,SID-687761,40.197.250.193,154.116.246.220,503,2309,24.59,46.1,31.16,158.83,API Gateway,API_TIMEOUT
2025-03-01 08:26:48,FraudDetection,CRITICAL,User authentication failed,6422,SID-665185,236.18.191.92,54.88.43.138,200,2318,40.93,75.91,41.31,240.61,Transaction,API_TIMEOUT
2025-03-14 08:26:48,BankingApp,WARNING,User authentication failed,4330,SID-731394,239.216.59.218,214.181.153.185,401,2690,40.1,18.37,46.04,207.57,Database,DB_CONN_FAIL
2025-03-06 08:26:48,LoanProcessing,INFO,API response delayed,3390,SID-762156,137.180.134.203,85.224.167.37,503,67,72.28,59.86,30.56,262.07,Transaction,API_TIMEOUT
2025-03-18 08:26:48,BankingApp,WARNING,User authentication failed,7267,SID-301960,230.213.42.44,240.178.210.33,500,4215,64.15,51.33,20.28,583.38,Transaction,DB_CONN_FAIL
2025-02-18 08:26:48,FraudDetection,INFO,API response delayed,5566,SID-238773,156.239.226.69,177.132.131.198,502,1552,50.09,23.66,22.72,647.83,Transaction,API_TIMEOUT
2025-02-28 08:26:48,LoanProcessing,WARNING,API response delayed,7563,SID-799308,209.132.95.70,198.160.230.94,400,1274,86.64,58.56,25.36,830.67,Database,AUTH_401
2025-02-19 08:26:48,InsuranceApp,ERROR,Database connection lost,3805,SID-592023,197.201.173.237,60.204.184.20,403,4664,55.06,54.45,25.18,234.81,Transaction,DB_CONN_FAIL
2025-03-18 08:26:48,FraudDetection,INFO,API response delayed,8398,SID-826173,191.137.220.228,83.110.242.25,404,367,29.72,23.25,21.16,895.8,Auth,TXN_FAILURE
2025-03-06 08:26:48,InsuranceApp,WARNING,Database connection lost,6971,SID-562686,147.208.247.19,111.181.87.183,400,4141,57.97,55.94,15.29,540.61,API Gateway,AUTH_401
2025-03-19 08:26:48,BankingApp,WARNING,Transaction processed,8634,SID-767830,127.141.120.119,246.45.219.68,404,3632,12.54,51.69,45.45,304.58,Database,API_TIMEOUT
2025-03-18 08:26:48,FraudDetection,CRITICAL,Database connection lost,4103,SID-119727,191.5.178.111,58.129.201.2,201,3451,31.02,16.79,4.67,595.65,Database,AUTH_401
2025-03-07 08:26:48,InsuranceApp,CRITICAL,API response delayed,9476,SID-621712,31.224.183.245,241.132.216.192,503,1104,31.88,77.58,10.19,130.89,Transaction,API_TIMEOUT
2025-03-19 08:26:48,InsuranceApp,WARNING,API response delayed,6173,SID-234564,69.26.19.99,241.185.172.166,201,3599,62.92,40.77,47.23,812.52,API Gateway,API_TIMEOUT
2025-03-01 08:26:48,BankingApp,ERROR,API response delayed,4291,SID-799254,246.227.232.56,209.1.199.120,404,889,40.32,38.61,28.16,677.01,API Gateway,API_TIMEOUT
2025-03-01 08:26:48,LoanProcessing,INFO,Transaction processed,8754,SID-188853,116.146.177.110,106.215.151.181,403,2195,52.48,20.09,15.06,895.67,API Gateway,AUTH_401
2025-03-14 08:26:48,FraudDetection,ERROR,Database connection lost,2517,SID-354509,159.36.167.99,132.114.159.16,201,2817,22.53,26.5,23.74,508.9,API Gateway,AUTH_401
2025-02-28 08:26:48,FraudDetection,ERROR,API response delayed,4975,SID-154062,88.58.61.175,77.149.1.42,401,4478,87.45,35.02,6.49,69.48,Auth,TXN_FAILURE
2025-03-11 08:26:48,BankingApp,WARNING,Transaction processed,1337,SID-483587,226.212.109.195,170.189.242.30,201,1791,15.32,44.76,8.68,598.64,API Gateway,API_TIMEOUT
2025-03-16 08:26:48,LoanProcessing,CRITICAL,API response delayed,9974,SID-715431,254.98.147.202,28.252.222.148,200,3247,39.7,56.56,32.66,944.46,Transaction,TXN_FAILURE
2025-03-02 08:26:48,BankingApp,INFO,Transaction processed,3380,SID-853379,108.116.54.253,92.18.204.72,201,1165,55.45,23.12,28.63,443.57,Database,AUTH_401
2025-02-22 08:26:48,BankingApp,WARNING,Database connection lost,9098,SID-937674,2.201.119.185,49.87.89.123,404,544,13.98,72.29,9.93,157.94,Auth,NULL
2025-02-24 08:26:48,BankingApp,CRITICAL,Transaction processed,5595,SID-917946,144.71.117.103,36.191.25.208,201,4519,70.91,34.51,37.74,979.09,Auth,NULL
2025-03-14 08:26:48,BankingApp,INFO,Database connection lost,7070,SID-312092,43.202.158.15,175.164.25.94,403,3862,25.17,13.18,18.61,568.79,Auth,DB_CONN_FAIL
2025-02-18 08:26:48,FraudDetection,WARNING,API response delayed,4471,SID-675266,123.238.39.47,152.146.48.125,200,4866,13.11,32.76,13.55,732.86,Auth,NULL
2025-03-19 08:26:48,InsuranceApp,WARNING,Database connection lost,6977,SID-295488,92.98.122.149,54.113.108.220,502,3325,75.74,24.23,13.56,81.38,Transaction,NULL
2025-02-22 08:26:48,LoanProcessing,ERROR,User authentication failed,3553,SID-883546,171.106.123.121,104.52.19.188,503,3259,26.25,76.48,15.99,319.81,Transaction,API_TIMEOUT
2025-02-25 08:26:48,BankingApp,ERROR,API response delayed,7403,SID-557270,149.73.165.92,193.153.19.37,201,1945,86.19,21.2,31.95,915.39,Auth,TXN_FAILURE
2025-03-03 08:26:48,BankingApp,INFO,API response delayed,8788,SID-628842,213.139.157.184,156.127.119.174,500,1067,89.14,32.97,16.38,586.57,Transaction,TXN_FAILURE
2025-03-03 08:26:48,InsuranceApp,CRITICAL,Transaction processed,5065,SID-190551,216.24.21.12,47.251.191.82,401,1839,32.32,74.34,12.82,276.61,Auth,NULL
2025-02-26 08:26:48,BankingApp,INFO,API response delayed,5081,SID-210134,232.22.76.172,148.30.138.119,201,172,24.73,79.37,11.36,702.73,API Gateway,AUTH_401
2025-03-09 08:26:48,LoanProcessing,WARNING,User authentication failed,2629,SID-321364,134.66.21.90,81.89.165.244,200,1049,78.44,49.48,44.21,240.32,Transaction,AUTH_401
2025-03-19 08:26:48,BankingApp,ERROR,User authentication failed,3686,SID-671190,26.168.112.116,135.74.228.86,200,4602,12.17,77.36,6.35,619.36,Database,API_TIMEOUT
2025-03-16 08:26:48,FraudDetection,WARNING,User authentication failed,9252,SID-836346,170.102.23.48,69.48.243.225,503,2430,67.62,21.07,0.84,761.52,Database,NULL
2025-03-16 08:26:48,LoanProcessing,WARNING,User authentication failed,8347,SID-627329,229.150.33.21,42.187.201.211,403,2717,68.64,11.31,17.7,150.64,Database,TXN_FAILURE
2025-03-01 08:26:48,BankingApp,INFO,User authentication failed,4301,SID-232387,195.29.8.90,159.26.82.50,200,1627,87.01,78.61,26.98,648.03,Database,API_TIMEOUT
2025-03-11 08:26:48,FraudDetection,CRITICAL,API response delayed,6565,SID-241597,146.139.132.15,66.166.23.44,200,1735,22.43,76.53,44.53,796.39,Database,NULL
2025-03-07 08:26:48,FraudDetection,INFO,API response delayed,9484,SID-447550,164.69.28.151,204.113.30.166,201,1814,54.37,19.26,43.1,572.28,Transaction,API_TIMEOUT
2025-03-01 08:26:48,LoanProcessing,INFO,User authentication failed,6389,SID-266013,241.79.102.125,112.155.153.46,500,3903,29.18,76.45,43.31,934.55,Database,NULL
2025-02-21 08:26:48,BankingApp,INFO,Transaction processed,5799,SID-330735,130.13.52.200,187.88.12.44,500,1360,88.01,15.72,24.38,963.46,Auth,DB_CONN_FAIL
2025-03-12 08:26:48,FraudDetection,INFO,API response delayed,5503,SID-604098,174.34.243.77,164.148.245.179,201,1495,49.65,20.54,14.94,129.37,API Gateway,API_TIMEOUT
2025-02-24 08:26:48,InsuranceApp,INFO,API response delayed,7018,SID-567974,94.3.57.170,19.113.121.154,200,2730,75.11,12.76,44.93,11.19,Transaction,NULL
2025-02-27 08:26:48,LoanProcessing,WARNING,Transaction processed,6907,SID-674697,83.251.153.9,151.242.132.7,500,3260,31.61,53.57,14.33,452.27,Database,AUTH_401
2025-03-14 08:26:48,InsuranceApp,WARNING,Transaction processed,8369,SID-947993,72.113.166.149,165.48.219.65,201,363,88.59,11.89,12.41,217.73,Database,API_TIMEOUT
2025-02-28 08:26:48,BankingApp,INFO,User authentication failed,2675,SID-446964,192.154.68.97,212.234.176.174,503,2618,65.2,66.2,38.33,900.18,Database,API_TIMEOUT
2025-03-08 08:26:48,LoanProcessing,CRITICAL,User authentication failed,5382,SID-276483,121.115.113.57,249.190.241.149,404,4328,50.33,32.43,41.74,477.55,Transaction,DB_CONN_FAIL
2025-03-03 08:26:48,LoanProcessing,CRITICAL,Database connection lost,6449,SID-180628,219.180.19.75,194.36.60.183,200,3694,39.76,77.52,37.66,512.13,Transaction,NULL
2025-02-17 08:26:48,InsuranceApp,CRITICAL,Transaction processed,7439,SID-478381,97.116.109.129,214.11.62.11,401,1499,33.45,51.57,2.94,41.41,API Gateway,AUTH_401
2025-03-16 08:26:48,FraudDetection,WARNING,API response delayed,9759,SID-922371,12.148.114.60,227.165.131.106,500,1634,77.71,18.73,6.82,727.37,Database,NULL
2025-03-19 08:26:48,BankingApp,WARNING,Database connection lost,2335,SID-463339,124.122.209.205,93.129.45.124,403,4623,25.34,60.17,38.11,33.97,Transaction,API_TIMEOUT
2025-03-05 08:26:48,InsuranceApp,INFO,Database connection lost,7530,SID-788613,96.120.223.22,120.217.165.226,404,4123,12.78,67.36,33.09,554.29,Database,NULL
2025-02-19 08:26:48,InsuranceApp,ERROR,Transaction processed,6156,SID-392701,94.140.86.93,120.253.87.243,201,1349,77.06,24.89,28.49,293.1,Database,AUTH_401
2025-02-24 08:26:48,InsuranceApp,INFO,Transaction processed,1747,SID-608244,218.175.176.63,204.84.196.143,201,1623,20.47,11.56,40.34,510.38,Transaction,API_TIMEOUT
2025-03-16 08:26:48,BankingApp,WARNING,User authentication failed,6692,SID-793150,109.34.125.37,97.33.141.163,503,3388,87.06,36.03,6.42,761.72,Auth,API_TIMEOUT
2025-02-19 08:26:48,InsuranceApp,ERROR,Transaction processed,8071,SID-893007,10.12.39.8,176.242.241.242,201,227,87.0,68.16,23.65,224.28,Transaction,TXN_FAILURE
2025-02-18 08:26:48,LoanProcessing,INFO,API response delayed,6325,SID-935417,161.134.224.51,137.30.165.80,500,2091,54.19,71.3,23.5,295.49,Transaction,DB_CONN_FAIL
2025-03-17 08:26:48,BankingApp,INFO,Transaction processed,6190,SID-460250,19.214.55.46,31.243.45.22,503,3716,84.97,23.88,38.55,924.48,Database,TXN_FAILURE
2025-02-25 08:26:48,BankingApp,INFO,Transaction processed,5844,SID-408169,191.207.124.8,177.234.67.9,502,4762,79.72,64.36,27.03,56.48,API Gateway,AUTH_401
2025-03-09 08:26:48,BankingApp,INFO,Transaction processed,7062,SID-770678,35.144.101.185,233.224.129.98,500,3836,35.94,23.04,45.69,527.29,Database,DB_CONN_FAIL
2025-03-16 08:26:48,FraudDetection,ERROR,User authentication failed,7660,SID-703246,15.68.116.228,114.16.18.193,502,2603,23.05,57.04,6.33,36.36,Transaction,DB_CONN_FAIL
2025-03-09 08:26:48,LoanProcessing,CRITICAL,User authentication failed,6859,SID-601766,238.54.209.23,68.241.63.243,401,3524,67.85,78.88,1.07,72.41,Transaction,DB_CONN_FAIL
2025-03-08 08:26:48,BankingApp,WARNING,Database connection lost,9565,SID-405291,235.157.91.91,214.17.197.60,200,2134,36.45,75.93,34.59,491.03,Transaction,DB_CONN_FAIL
2025-03-18 08:26:48,FraudDetection,WARNING,API response delayed,6654,SID-772774,253.125.91.30,200.55.12.46,201,2454,66.07,59.35,7.0,551.24,Auth,API_TIMEOUT
2025-03-08 08:26:48,LoanProcessing,CRITICAL,API response delayed,1468,SID-165571,70.249.148.7,229.255.159.16,502,3534,24.24,52.34,9.32,860.19,Auth,TXN_FAILURE
2025-03-11 08:26:48,InsuranceApp,ERROR,User authentication failed,9890,SID-275386,218.91.5.200,193.46.236.110,201,1122,79.87,52.42,26.93,446.76,API Gateway,DB_CONN_FAIL
2025-02-20 08:26:48,BankingApp,WARNING,Database connection lost,8603,SID-568537,132.177.127.199,234.225.125.85,500,134,20.0,28.06,40.75,620.4,Auth,TXN_FAILURE
2025-03-01 08:26:48,InsuranceApp,ERROR,API response delayed,4495,SID-624506,223.22.97.49,128.195.49.115,502,1063,57.35,23.88,30.87,64.29,Transaction,TXN_FAILURE
2025-03-02 08:26:48,InsuranceApp,ERROR,Transaction processed,6698,SID-260484,167.1.115.170,150.50.249.133,500,2646,59.78,70.6,11.14,699.01,Transaction,API_TIMEOUT
2025-02-20 08:26:48,LoanProcessing,WARNING,Database connection lost,1195,SID-365335,48.20.168.150,128.50.100.241,201,2151,89.31,51.73,45.61,754.16,Transaction,AUTH_401
2025-02-26 08:26:48,BankingApp,CRITICAL,Transaction processed,5308,SID-711822,133.247.125.129,39.122.255.92,502,3862,14.21,72.19,27.87,549.24,API Gateway,DB_CONN_FAIL
2025-02-22 08:26:48,LoanProcessing,CRITICAL,Database connection lost,6257,SID-127959,205.228.3.195,10.21.252.172,404,2250,13.65,38.9,47.45,661.27,Auth,DB_CONN_FAIL
2025-03-10 08:26:48,LoanProcessing,WARNING,User authentication failed,1923,SID-862017,235.120.160.74,61.183.77.221,400,2966,17.24,52.24,41.5,992.77,Database,DB_CONN_FAIL
2025-03-11 08:26:48,FraudDetection,ERROR,Database connection lost,9494,SID-416724,62.174.16.218,115.60.36.127,200,1558,60.07,19.87,9.66,365.93,API Gateway,TXN_FAILURE
2025-03-17 08:26:48,BankingApp,WARNING,API response delayed,2223,SID-676110,193.57.5.246,193.169.58.53,201,1279,10.7,29.96,45.45,99.34,Transaction,API_TIMEOUT
2025-02-21 08:26:48,BankingApp,ERROR,Transaction processed,8026,SID-871691,158.184.22.245,143.244.19.165,503,3186,39.78,50.5,28.87,348.99,Auth,DB_CONN_FAIL
2025-03-04 08:26:48,LoanProcessing,WARNING,API response delayed,9133,SID-490500,218.18.131.122,160.56.129.246,401,2010,11.12,26.76,43.9,912.94,Database,AUTH_401
2025-02-24 08:26:48,BankingApp,CRITICAL,User authentication failed,2784,SID-878198,131.101.229.237,90.2.154.196,200,617,55.68,34.2,15.28,393.67,Database,NULL
2025-02-24 08:26:48,BankingApp,WARNING,API response delayed,8933,SID-807452,147.40.73.11,233.104.68.5,400,4272,55.39,52.25,35.6,384.47,API Gateway,TXN_FAILURE
2025-03-01 08:26:48,LoanProcessing,INFO,User authentication failed,6516,SID-643843,149.225.28.247,51.97.3.61,404,2379,59.11,70.16,48.71,732.23,API Gateway,AUTH_401
2025-03-04 08:26:48,InsuranceApp,INFO,Transaction processed,3858,SID-654802,59.70.190.19,230.253.12.10,401,4863,81.28,78.14,11.67,526.33,Auth,AUTH_401
2025-02-24 08:26:48,BankingApp,INFO,Database connection lost,2371,SID-961989,215.94.29.248,62.159.98.176,201,4118,13.38,61.87,31.02,182.76,Transaction,DB_CONN_FAIL
2025-03-19 08:26:48,LoanProcessing,WARNING,User authentication failed,7960,SID-865420,151.180.206.232,26.7.101.98,200,2083,74.59,20.88,16.44,603.54,Transaction,AUTH_401
2025-03-10 08:26:48,BankingApp,INFO,User authentication failed,5846,SID-445508,29.121.207.130,151.95.160.151,200,4754,58.6,22.22,15.18,491.56,Transaction,TXN_FAILURE
2025-03-03 08:26:48,BankingApp,ERROR,API response delayed,6767,SID-894151,179.248.197.53,229.249.125.198,404,3818,87.17,59.15,8.25,817.36,Auth,TXN_FAILURE
2025-03-06 08:26:48,LoanProcessing,CRITICAL,User authentication failed,9162,SID-240466,89.165.203.159,115.161.78.192,400,2498,20.74,35.46,45.29,380.92,Database,TXN_FAILURE
2025-02-28 08:26:48,BankingApp,INFO,Database connection lost,8317,SID-864106,244.134.136.31,130.30.26.79,403,3697,12.67,67.19,33.87,804.72,Database,TXN_FAILURE
2025-02-26 08:26:48,FraudDetection,WARNING,User authentication failed,7626,SID-856472,27.229.74.85,246.17.142.218,404,843,30.61,28.99,43.5,389.25,Auth,API_TIMEOUT
2025-03-10 08:26:48,InsuranceApp,WARNING,User authentication failed,2858,SID-247075,63.147.165.172,179.71.242.7,401,2574,28.37,61.09,27.73,46.37,Database,NULL
2025-02-26 08:26:48,InsuranceApp,INFO,Transaction processed,5721,SID-415506,147.115.183.73,30.186.8.150,404,1540,40.37,20.03,9.0,160.27,API Gateway,AUTH_401
2025-02-22 08:26:48,BankingApp,CRITICAL,Database connection lost,6070,SID-203213,125.16.143.198,114.76.255.50,200,138,42.4,16.31,33.36,853.37,Auth,NULL
2025-03-16 08:26:48,InsuranceApp,WARNING,Database connection lost,1844,SID-840815,121.109.224.164,216.160.20.181,400,2126,79.48,58.53,27.18,107.13,Database,API_TIMEOUT
2025-03-12 08:26:48,InsuranceApp,INFO,Database connection lost,2058,SID-116406,215.245.206.200,76.182.217.109,401,469,43.01,54.4,37.34,938.45,Auth,AUTH_401
2025-03-14 08:26:48,BankingApp,CRITICAL,API response delayed,7606,SID-621644,148.53.80.133,139.206.105.99,404,1447,22.19,22.11,17.98,335.12,Database,AUTH_401
2025-02-17 08:26:48,FraudDetection,INFO,User authentication failed,9311,SID-628779,123.129.29.77,254.14.222.206,503,1722,66.83,25.2,6.51,271.63,Database,NULL
2025-03-12 08:26:48,BankingApp,INFO,API response delayed,1579,SID-683863,15.199.48.60,160.71.203.63,201,256,69.95,18.7,41.94,121.02,API Gateway,AUTH_401
2025-03-17 08:26:48,BankingApp,WARNING,User authentication failed,1434,SID-915868,178.193.208.49,64.80.170.104,403,4433,16.14,38.51,19.64,976.22,Auth,AUTH_401
2025-03-04 08:26:48,InsuranceApp,ERROR,Database connection lost,1061,SID-326534,142.241.163.161,86.49.179.73,200,924,47.83,24.76,32.91,595.16,Auth,TXN_FAILURE
2025-02-26 08:26:48,BankingApp,CRITICAL,API response delayed,7038,SID-735256,82.164.204.98,35.214.19.183,404,407,58.2,38.44,7.24,962.31,Database,AUTH_401
2025-03-17 08:26:48,LoanProcessing,WARNING,API response delayed,8142,SID-680967,74.130.197.153,60.233.210.200,502,1994,69.79,43.8,45.01,54.24,Auth,NULL
2025-02-18 08:26:48,BankingApp,WARNING,User authentication failed,7796,SID-940531,133.46.92.109,197.113.74.14,401,3657,88.73,34.62,41.18,251.11,API Gateway,API_TIMEOUT
2025-02-19 08:26:48,FraudDetection,INFO,Database connection lost,9150,SID-958133,240.99.201.9,207.68.142.137,500,1024,31.29,13.16,36.52,444.45,Transaction,AUTH_401
2025-02-17 08:26:48,InsuranceApp,INFO,Database connection lost,4060,SID-121118,237.61.198.15,231.27.154.106,404,3379,35.88,64.3,28.91,812.05,Auth,API_TIMEOUT
2025-02-25 08:26:48,FraudDetection,WARNING,User authentication failed,6754,SID-255756,195.126.127.100,228.246.51.64,200,2615,88.47,66.83,0.6,220.51,Database,AUTH_401
2025-03-13 08:26:48,FraudDetection,CRITICAL,User authentication failed,2209,SID-400978,55.242.12.144,66.253.234.202,500,1904,69.54,42.17,31.34,756.57,API Gateway,API_TIMEOUT
2025-03-11 08:26:48,FraudDetection,ERROR,API response delayed,8125,SID-863117,198.233.108.83,40.205.111.189,403,3348,69.65,63.84,7.81,247.92,Database,AUTH_401
2025-03-02 08:26:48,FraudDetection,WARNING,User authentication failed,1928,SID-883557,217.53.228.122,42.153.172.182,503,1194,77.81,21.05,33.24,930.08,API Gateway,DB_CONN_FAIL
2025-03-18 08:26:48,BankingApp,INFO,Database connection lost,7486,SID-131564,163.90.27.95,111.227.199.153,201,3801,54.47,64.83,42.73,494.89,Database,API_TIMEOUT
2025-02-25 08:26:48,InsuranceApp,ERROR,Transaction processed,7431,SID-924014,37.112.138.86,138.253.5.255,502,4442,18.59,56.91,26.27,796.03,Auth,AUTH_401
2025-03-09 08:26:48,BankingApp,CRITICAL,API response delayed,3987,SID-446415,21.43.189.14,88.56.213.131,502,4549,82.83,72.74,13.55,751.52,Transaction,API_TIMEOUT
2025-03-03 08:26:48,FraudDetection,WARNING,API response delayed,4550,SID-176757,85.133.18.82,160.63.85.219,401,4491,51.79,62.45,31.39,101.65,Auth,TXN_FAILURE
2025-03-13 08:26:48,InsuranceApp,ERROR,Database connection lost,7981,SID-870375,26.202.218.79,105.227.212.2,502,858,68.23,72.71,12.25,442.01,Database,AUTH_401
2025-03-03 08:26:48,InsuranceApp,CRITICAL,Transaction processed,4945,SID-628803,26.81.134.142,77.153.47.249,400,679,70.73,78.59,39.39,928.6,Transaction,AUTH_401
2025-03-03 08:26:48,BankingApp,CRITICAL,API response delayed,6137,SID-729354,51.63.194.239,157.188.93.160,400,2939,88.16,27.22,27.28,165.06,API Gateway,AUTH_401
2025-03-18 08:26:48,FraudDetection,ERROR,Transaction processed,1791,SID-784479,116.168.143.117,233.170.35.46,401,3370,79.62,77.59,45.91,814.88,Transaction,AUTH_401
2025-03-17 08:26:48,FraudDetection,WARNING,Database connection lost,5136,SID-486336,206.97.168.169,30.26.54.126,404,4381,40.16,64.99,14.07,101.91,Auth,AUTH_401
2025-02-19 08:26:48,BankingApp,WARNING,Database connection lost,2401,SID-338456,115.40.157.173,17.233.115.99,403,3972,42.6,54.84,47.68,168.83,Transaction,API_TIMEOUT
2025-03-07 08:26:48,InsuranceApp,INFO,Transaction processed,8155,SID-683294,97.51.154.34,222.211.73.147,200,1844,14.88,14.31,1.51,218.61,Transaction,DB_CONN_FAIL
2025-03-11 08:26:48,LoanProcessing,WARNING,Transaction processed,9139,SID-280910,38.33.74.38,100.27.25.19,404,985,60.27,22.69,46.67,687.4,Transaction,NULL
2025-03-14 08:26:48,FraudDetection,ERROR,User authentication failed,8475,SID-569465,69.125.149.16,8.114.166.241,200,2459,11.17,12.41,19.65,916.1,Database,NULL
2025-03-10 08:26:48,InsuranceApp,INFO,API response delayed,5683,SID-686130,163.156.170.145,64.154.231.74,404,3014,41.51,60.66,47.59,624.57,API Gateway,AUTH_401
2025-03-02 08:26:48,FraudDetection,CRITICAL,User authentication failed,4057,SID-428514,120.116.99.226,12.140.153.126,403,1709,39.21,41.35,5.57,288.42,Auth,DB_CONN_FAIL
2025-03-13 08:26:48,LoanProcessing,INFO,Database connection lost,2842,SID-958905,128.71.123.238,218.227.206.251,201,4076,61.38,63.94,3.45,432.89,Auth,DB_CONN_FAIL
2025-02-26 08:26:48,LoanProcessing,INFO,API response delayed,4861,SID-397696,173.207.101.213,181.106.234.11,503,220,79.54,73.25,15.46,480.17,API Gateway,AUTH_401
2025-02-18 08:26:48,FraudDetection,INFO,Transaction processed,8487,SID-274830,65.186.249.62,153.72.15.126,503,2404,76.89,49.87,47.21,315.21,API Gateway,API_TIMEOUT
2025-02-19 08:26:48,BankingApp,ERROR,Transaction processed,7552,SID-126605,221.170.196.226,119.217.148.171,400,4691,32.89,64.26,30.24,416.49,Database,AUTH_401
2025-03-03 08:26:48,InsuranceApp,ERROR,Transaction processed,1223,SID-776263,127.154.232.146,96.127.27.63,400,944,10.83,25.47,25.04,96.77,Transaction,API_TIMEOUT
2025-03-07 08:26:48,BankingApp,INFO,Transaction processed,5919,SID-722262,77.22.189.68,61.120.254.238,401,3129,32.45,71.93,21.13,756.46,Transaction,DB_CONN_FAIL
2025-02-23 08:26:48,InsuranceApp,WARNING,User authentication failed,9398,SID-187077,96.188.47.50,35.253.128.119,401,2187,20.07,73.79,14.35,466.69,Database,TXN_FAILURE
2025-03-15 08:26:48,InsuranceApp,CRITICAL,API response delayed,3136,SID-298011,80.141.216.132,77.100.191.173,200,4799,76.39,62.29,48.41,166.21,API Gateway,DB_CONN_FAIL
2025-03-15 08:26:48,InsuranceApp,CRITICAL,User authentication failed,3428,SID-622652,46.112.29.136,184.242.242.71,401,865,15.21,71.91,14.09,821.19,Transaction,DB_CONN_FAIL
2025-03-11 08:26:48,InsuranceApp,CRITICAL,Database connection lost,3131,SID-123534,141.171.117.51,193.44.86.180,400,4376,67.75,10.57,4.96,197.64,API Gateway,AUTH_401
2025-03-13 08:26:48,FraudDetection,ERROR,Transaction processed,5402,SID-967931,83.60.202.177,150.2.85.201,503,4464,45.15,76.92,10.33,882.85,Auth,NULL
2025-02-24 08:26:48,BankingApp,ERROR,User authentication failed,5147,SID-537019,7.156.43.89,133.82.167.37,401,1929,76.15,30.93,46.42,990.44,Transaction,API_TIMEOUT
2025-03-08 08:26:48,FraudDetection,CRITICAL,Transaction processed,4713,SID-350426,15.227.189.250,184.51.207.229,404,3899,80.16,34.87,38.57,707.04,Transaction,TXN_FAILURE
2025-02-24 08:26:48,BankingApp,ERROR,Transaction processed,6391,SID-678506,108.152.28.129,151.44.134.171,404,429,38.78,35.2,13.55,107.13,API Gateway,DB_CONN_FAIL
2025-03-10 08:26:48,FraudDetection,WARNING,Transaction processed,8330,SID-164186,176.110.2.251,87.125.233.198,503,625,64.44,75.95,16.62,323.99,API Gateway,API_TIMEOUT
2025-02-25 08:26:48,LoanProcessing,ERROR,Database connection lost,2212,SID-427321,152.162.191.167,164.108.178.51,200,195,66.12,15.53,40.37,601.85,API Gateway,NULL
2025-02-28 08:26:48,FraudDetection,INFO,API response delayed,5859,SID-607369,167.165.89.67,252.166.166.9,400,1627,22.14,27.07,18.31,215.06,Transaction,NULL
2025-02-28 08:26:48,BankingApp,CRITICAL,Transaction processed,2989,SID-901728,168.50.24.80,142.158.252.134,404,145,60.34,78.97,8.23,920.66,Database,DB_CONN_FAIL
2025-03-08 08:26:48,InsuranceApp,ERROR,Database connection lost,7095,SID-887126,3.253.244.91,111.99.216.141,503,3800,48.71,66.09,13.54,34.42,Auth,API_TIMEOUT
2025-03-09 08:26:48,BankingApp,CRITICAL,API response delayed,2267,SID-961305,181.188.12.11,232.2.91.150,200,2991,86.34,27.68,45.7,115.2,Transaction,NULL
2025-02-28 08:26:48,BankingApp,ERROR,User authentication failed,3847,SID-681293,238.229.118.189,130.85.33.98,200,448,40.18,58.87,26.46,884.54,API Gateway,AUTH_401
2025-03-19 08:26:48,InsuranceApp,WARNING,Transaction processed,1077,SID-784426,232.115.196.142,151.175.6.254,400,573,28.4,42.11,22.86,289.58,Database,AUTH_401
2025-02-26 08:26:48,BankingApp,ERROR,Database connection lost,5444,SID-526401,170.202.180.31,218.47.93.51,403,273,58.12,25.11,38.72,422.98,API Gateway,API_TIMEOUT
2025-03-11 08:26:48,LoanProcessing,INFO,Database connection lost,8655,SID-465648,254.166.67.131,77.101.36.83,404,4334,32.91,40.22,32.82,615.38,Database,DB_CONN_FAIL
2025-03-02 08:26:48,BankingApp,CRITICAL,User authentication failed,7103,SID-548300,225.227.158.127,71.169.121.243,404,4406,77.54,25.14,44.57,367.61,Transaction,TXN_FAILURE
2025-03-04 08:26:48,FraudDetection,CRITICAL,Database connection lost,4666,SID-367753,128.223.3.89,172.132.50.91,503,2284,63.36,52.59,31.28,34.46,API Gateway,TXN_FAILURE
2025-03-02 08:26:48,FraudDetection,ERROR,API response delayed,7472,SID-599963,3.103.84.255,149.174.157.138,400,3594,24.9,55.37,35.69,136.27,Database,API_TIMEOUT
2025-03-06 08:26:48,InsuranceApp,CRITICAL,API response delayed,3965,SID-564026,186.227.203.182,151.221.1.23,201,3471,88.09,10.12,35.31,656.43,Auth,API_TIMEOUT
2025-02-27 08:26:48,BankingApp,WARNING,API response delayed,3865,SID-946183,157.83.107.221,244.54.105.243,401,3930,88.12,56.42,7.24,404.8,Auth,DB_CONN_FAIL
2025-03-19 08:26:48,LoanProcessing,INFO,Database connection lost,4363,SID-341583,128.161.204.113,53.185.149.123,200,1362,22.76,79.69,46.55,131.16,Database,NULL
2025-02-25 08:26:48,FraudDetection,INFO,User authentication failed,4998,SID-330985,194.42.167.215,209.58.182.122,503,551,16.52,30.74,10.6,666.69,Transaction,TXN_FAILURE
2025-02-24 08:26:48,FraudDetection,ERROR,API response delayed,1272,SID-543501,76.151.188.173,164.42.134.252,201,483,27.26,35.91,16.96,365.61,Database,AUTH_401
2025-03-09 08:26:48,InsuranceApp,WARNING,API response delayed,9699,SID-594476,58.211.52.236,109.25.215.233,200,1127,63.36,24.37,34.57,185.43,Transaction,AUTH_401
2025-02-20 08:26:48,BankingApp,INFO,Database connection lost,1063,SID-868853,197.161.7.127,152.247.105.209,503,3523,31.87,55.94,47.75,165.8,Auth,AUTH_401
2025-03-12 08:26:48,BankingApp,INFO,User authentication failed,1114,SID-249137,105.92.114.104,106.232.236.17,403,4171,28.05,74.48,31.93,560.66,Transaction,API_TIMEOUT
2025-02-25 08:26:48,InsuranceApp,WARNING,Database connection lost,6092,SID-222516,68.125.31.102,132.24.20.129,400,4488,19.53,58.52,42.84,116.77,Auth,TXN_FAILURE
2025-02-24 08:26:48,BankingApp,INFO,User authentication failed,5995,SID-487711,90.183.68.211,67.59.180.102,200,3888,69.38,59.01,37.73,788.71,Database,NULL
2025-03-14 08:26:48,InsuranceApp,INFO,API response delayed,4204,SID-242475,66.132.244.211,9.3.153.32,201,1586,54.81,48.28,49.32,242.94,API Gateway,NULL
2025-02-17 08:26:48,BankingApp,ERROR,Transaction processed,3862,SID-524303,233.62.131.16,69.255.224.177,201,2527,80.91,37.93,13.69,550.07,Transaction,DB_CONN_FAIL
2025-02-23 08:26:48,FraudDetection,ERROR,Database connection lost,7654,SID-944558,101.38.167.88,206.196.197.186,201,2414,71.76,27.57,8.82,686.2,API Gateway,NULL
2025-03-03 08:26:48,FraudDetection,CRITICAL,Transaction processed,3149,SID-445020,248.79.194.53,44.96.144.222,403,4133,17.05,18.05,35.85,191.01,API Gateway,AUTH_401
2025-02-24 08:26:48,FraudDetection,INFO,User authentication failed,2111,SID-851967,121.135.203.45,250.196.243.230,201,3789,64.9,14.02,19.13,662.7,API Gateway,AUTH_401
2025-02-24 08:26:48,LoanProcessing,WARNING,Database connection lost,2485,SID-758085,235.9.236.225,103.144.127.142,403,4510,51.45,23.15,35.3,496.27,Transaction,NULL
2025-02-28 08:26:48,FraudDetection,CRITICAL,Database connection lost,6921,SID-637603,193.163.145.208,86.94.136.33,200,4877,54.95,49.1,28.09,42.94,Transaction,DB_CONN_FAIL
2025-03-12 08:26:48,InsuranceApp,INFO,API response delayed,8802,SID-115143,57.57.116.65,112.75.155.23,503,4376,59.23,53.73,6.75,27.47,Auth,NULL
2025-03-18 08:26:48,BankingApp,INFO,User authentication failed,8124,SID-980073,177.42.101.51,17.114.209.59,403,1815,84.91,74.69,47.56,720.19,API Gateway,TXN_FAILURE
2025-03-18 08:26:48,LoanProcessing,INFO,API response delayed,6399,SID-258147,53.205.234.115,209.51.105.248,404,211,25.06,25.64,5.7,882.06,API Gateway,DB_CONN_FAIL
2025-03-10 08:26:48,FraudDetection,CRITICAL,Transaction processed,5450,SID-294066,108.115.188.132,188.219.43.74,200,3523,69.62,35.14,23.9,916.59,Transaction,NULL
2025-03-13 08:26:48,FraudDetection,WARNING,Database connection lost,7847,SID-351628,163.74.201.100,102.165.126.34,500,3592,21.66,56.83,42.09,887.67,Auth,DB_CONN_FAIL
2025-03-03 08:26:48,LoanProcessing,INFO,User authentication failed,7164,SID-526845,164.168.73.110,191.48.190.80,400,3890,30.37,57.14,3.74,168.0,API Gateway,TXN_FAILURE
2025-02-24 08:26:48,InsuranceApp,INFO,Database connection lost,1224,SID-418910,152.86.101.5,164.44.36.124,401,2250,82.89,21.26,23.26,664.79,Transaction,TXN_FAILURE
2025-03-09 08:26:48,InsuranceApp,CRITICAL,Transaction processed,2463,SID-213775,182.224.217.180,99.53.182.209,500,3909,24.59,16.02,3.37,658.4,API Gateway,TXN_FAILURE
2025-03-04 08:26:48,InsuranceApp,CRITICAL,Transaction processed,7743,SID-180330,36.96.244.134,80.220.87.32,401,1059,84.52,16.6,11.4,916.98,Auth,NULL
2025-03-05 08:26:48,LoanProcessing,INFO,User authentication failed,9129,SID-237076,68.82.67.9,216.48.96.21,201,3146,79.93,22.48,44.79,756.51,Auth,NULL
2025-03-10 08:26:48,FraudDetection,ERROR,API response delayed,1652,SID-843682,91.149.72.65,66.101.155.9,500,2818,79.74,27.46,33.31,416.16,API Gateway,NULL
2025-02-20 08:26:48,InsuranceApp,WARNING,User authentication failed,1427,SID-408921,145.199.139.91,216.156.153.26,404,4176,34.17,11.11,15.43,84.87,API Gateway,API_TIMEOUT
2025-02-21 08:26:48,FraudDetection,WARNING,Transaction processed,2270,SID-206752,180.107.145.164,180.7.5.23,401,1402,55.91,58.37,12.96,413.03,API Gateway,TXN_FAILURE
2025-02-24 08:26:48,BankingApp,CRITICAL,API response delayed,6989,SID-245580,91.253.234.74,114.148.222.58,503,2573,89.36,52.52,48.23,250.99,Auth,NULL
2025-03-18 08:26:48,InsuranceApp,ERROR,User authentication failed,1623,SID-703155,141.148.207.144,191.217.51.174,200,300,19.39,22.13,48.88,670.88,Transaction,DB_CONN_FAIL
2025-03-04 08:26:48,FraudDetection,ERROR,API response delayed,1427,SID-941033,228.42.200.224,104.137.92.30,500,3392,48.56,66.26,1.45,930.73,Transaction,API_TIMEOUT
2025-02-26 08:26:48,FraudDetection,INFO,Transaction processed,2723,SID-705558,174.235.207.123,235.160.2.168,404,2667,78.82,18.66,9.65,445.34,Database,DB_CONN_FAIL
2025-03-05 08:26:48,LoanProcessing,CRITICAL,Database connection lost,5555,SID-256451,167.130.249.56,180.221.137.218,200,1114,18.1,16.99,35.64,468.93,API Gateway,AUTH_401
2025-02-25 08:26:48,InsuranceApp,INFO,API response delayed,7135,SID-390723,160.243.215.73,5.199.172.19,201,4276,55.64,11.94,18.09,450.61,Database,TXN_FAILURE
2025-03-14 08:26:48,InsuranceApp,WARNING,User authentication failed,8475,SID-781234,85.181.70.140,182.214.200.94,403,2441,89.24,58.24,3.19,441.66,Database,TXN_FAILURE
2025-02-28 08:26:48,LoanProcessing,ERROR,API response delayed,9368,SID-534397,190.222.104.132,222.159.94.216,400,824,43.96,11.4,31.57,482.69,Database,NULL
2025-02-24 08:26:48,FraudDetection,INFO,User authentication failed,1763,SID-169802,188.170.128.137,110.202.254.220,502,1462,27.72,30.0,35.54,835.94,Database,AUTH_401
2025-02-19 08:26:48,LoanProcessing,INFO,User authentication failed,8891,SID-438393,219.27.48.87,190.67.152.201,401,1374,73.56,54.9,24.18,893.61,Transaction,API_TIMEOUT
2025-02-25 08:26:48,InsuranceApp,CRITICAL,Database connection lost,3170,SID-261161,186.251.55.123,92.101.105.237,404,4798,70.97,37.36,35.17,400.1,Transaction,TXN_FAILURE
2025-03-19 08:26:48,InsuranceApp,ERROR,Transaction processed,3748,SID-840739,197.111.186.248,131.73.75.215,201,689,48.14,24.36,16.59,616.79,Transaction,AUTH_401
2025-02-28 08:26:48,LoanProcessing,INFO,User authentication failed,6381,SID-717433,165.171.148.227,112.52.253.160,401,4177,28.35,25.86,0.49,10.45,API Gateway,TXN_FAILURE
2025-03-10 08:26:48,FraudDetection,ERROR,User authentication failed,5253,SID-651694,127.241.187.23,47.174.80.70,502,912,66.76,55.97,3.68,144.54,API Gateway,API_TIMEOUT
2025-02-23 08:26:48,LoanProcessing,WARNING,API response delayed,6342,SID-358806,161.179.198.41,84.182.142.92,201,72,46.92,31.47,7.87,290.63,API Gateway,AUTH_401
2025-03-17 08:26:48,LoanProcessing,WARNING,Database connection lost,1252,SID-904538,50.223.101.7,252.50.123.14,403,729,28.9,73.09,20.43,639.96,API Gateway,API_TIMEOUT
2025-03-13 08:26:48,LoanProcessing,CRITICAL,Transaction processed,6947,SID-473056,136.247.100.50,59.251.6.232,400,965,67.11,34.36,5.34,147.98,Auth,NULL
2025-03-09 08:26:48,LoanProcessing,INFO,Database connection lost,1565,SID-498935,116.130.243.25,173.73.225.29,500,4302,62.12,70.55,24.74,667.41,Auth,DB_CONN_FAIL
2025-02-20 08:26:48,InsuranceApp,CRITICAL,Transaction processed,6368,SID-584581,4.138.115.206,11.69.96.204,500,932,69.77,74.54,39.41,761.74,Transaction,TXN_FAILURE
2025-02-26 08:26:48,LoanProcessing,ERROR,API response delayed,3449,SID-764366,100.153.171.79,126.95.17.61,503,4109,78.33,71.41,42.16,144.95,Auth,API_TIMEOUT
2025-03-09 08:26:48,BankingApp,WARNING,Database connection lost,9076,SID-399379,59.218.169.229,74.211.229.229,401,3380,38.48,32.06,31.21,964.64,Database,DB_CONN_FAIL
2025-03-01 08:26:48,BankingApp,INFO,User authentication failed,1360,SID-482189,76.199.137.218,21.188.137.118,200,66,63.47,29.11,39.18,255.05,Auth,NULL
2025-03-15 08:26:48,LoanProcessing,INFO,API response delayed,4346,SID-296150,45.35.141.142,64.60.214.86,401,1092,33.3,71.45,7.45,908.44,Transaction,API_TIMEOUT
2025-03-17 08:26:48,LoanProcessing,INFO,User authentication failed,7109,SID-331973,103.99.57.7,161.183.241.203,201,4424,41.79,11.57,41.19,740.09,Auth,TXN_FAILURE
2025-03-17 08:26:48,LoanProcessing,WARNING,Transaction processed,5341,SID-878450,202.125.78.74,158.110.54.15,502,1067,51.89,40.62,38.1,55.43,Transaction,NULL
2025-03-07 08:26:48,LoanProcessing,CRITICAL,Database connection lost,3200,SID-702968,40.158.62.5,161.140.44.48,200,4034,59.98,35.64,20.07,640.23,Database,DB_CONN_FAIL
2025-03-02 08:26:48,BankingApp,CRITICAL,Database connection lost,5964,SID-104753,149.209.66.168,112.245.57.121,201,2414,60.97,74.66,7.75,683.91,Transaction,NULL
2025-03-12 08:26:48,LoanProcessing,WARNING,API response delayed,8230,SID-406596,174.50.58.6,108.117.90.224,502,4684,29.15,11.43,13.54,202.45,API Gateway,NULL
2025-03-01 08:26:48,InsuranceApp,WARNING,Database connection lost,8207,SID-450765,181.159.251.150,16.2.50.120,403,2444,44.21,68.12,17.03,259.51,Auth,NULL
2025-03-14 08:26:48,FraudDetection,ERROR,User authentication failed,2758,SID-366008,174.153.253.226,142.139.155.18,404,2412,11.83,59.12,23.75,131.59,Database,TXN_FAILURE
2025-02-23 08:26:48,BankingApp,WARNING,User authentication failed,1854,SID-148928,52.220.18.149,77.85.195.126,500,4213,82.42,54.69,15.35,361.09,Transaction,DB_CONN_FAIL
2025-03-08 08:26:48,LoanProcessing,WARNING,API response delayed,7558,SID-796153,110.127.82.142,28.155.14.115,200,872,55.4,10.2,43.18,808.89,Database,DB_CONN_FAIL
2025-02-28 08:26:48,FraudDetection,CRITICAL,API response delayed,8435,SID-580868,194.77.249.123,14.127.126.218,502,2698,39.9,54.44,20.01,460.48,API Gateway,API_TIMEOUT
2025-03-17 08:26:48,BankingApp,ERROR,API response delayed,7796,SID-411068,196.68.101.178,90.21.111.129,401,2080,59.41,28.97,20.11,811.28,Database,TXN_FAILURE
2025-03-08 08:26:48,BankingApp,CRITICAL,User authentication failed,4078,SID-611573,110.102.5.34,67.113.164.27,503,4536,74.31,27.13,11.58,141.76,Transaction,DB_CONN_FAIL
2025-03-15 08:26:48,BankingApp,INFO,User authentication failed,8531,SID-356041,42.253.92.175,194.45.217.240,503,4037,48.5,51.81,18.98,145.78,Database,DB_CONN_FAIL
2025-03-14 08:26:48,InsuranceApp,INFO,Transaction processed,1485,SID-543674,112.247.31.126,2.155.246.48,201,3290,29.73,73.44,8.01,756.26,Auth,AUTH_401
2025-02-23 08:26:48,BankingApp,WARNING,Database connection lost,2126,SID-194149,73.222.182.191,14.115.165.62,403,142,83.76,38.74,37.93,933.39,Transaction,DB_CONN_FAIL
2025-02-17 08:26:48,InsuranceApp,WARNING,API response delayed,1498,SID-438106,52.60.40.227,71.162.72.168,502,4676,80.66,43.78,5.88,524.26,Transaction,DB_CONN_FAIL
2025-02-25 08:26:48,FraudDetection,CRITICAL,Database connection lost,9271,SID-737013,195.56.240.113,96.78.132.12,200,4655,82.91,17.75,23.63,802.25,Database,AUTH_401
2025-03-10 08:26:48,LoanProcessing,CRITICAL,User authentication failed,5767,SID-933119,83.182.3.2,221.128.253.37,401,3393,74.56,71.41,45.04,943.26,Auth,DB_CONN_FAIL
2025-03-13 08:26:48,FraudDetection,CRITICAL,Database connection lost,4685,SID-669893,33.190.175.95,130.128.233.66,502,1046,75.52,10.91,13.94,709.29,API Gateway,TXN_FAILURE
2025-02-27 08:26:48,BankingApp,CRITICAL,Transaction processed,8301,SID-749240,18.7.146.17,145.35.238.165,500,2481,86.98,49.2,46.62,957.63,Transaction,AUTH_401
2025-03-04 08:26:48,FraudDetection,CRITICAL,Database connection lost,6524,SID-396706,160.89.181.203,246.254.242.206,404,4836,83.51,71.64,35.42,986.79,Database,API_TIMEOUT
2025-03-15 08:26:48,InsuranceApp,ERROR,User authentication failed,3814,SID-322760,46.186.211.105,136.29.61.221,500,2608,59.38,60.97,2.75,413.81,Auth,AUTH_401
2025-03-05 08:26:48,LoanProcessing,WARNING,API response delayed,1784,SID-939856,211.119.195.75,43.101.183.104,404,284,72.36,17.19,37.76,738.1,Transaction,TXN_FAILURE
2025-03-13 08:26:48,BankingApp,ERROR,API response delayed,8313,SID-136331,82.53.115.7,134.79.124.148,503,3980,85.31,34.95,21.87,664.48,API Gateway,TXN_FAILURE
2025-03-04 08:26:48,BankingApp,INFO,Database connection lost,9650,SID-156361,203.34.10.50,191.43.170.238,503,3004,29.68,23.01,30.76,708.01,Database,TXN_FAILURE
2025-03-14 08:26:48,LoanProcessing,WARNING,Transaction processed,2128,SID-143976,205.218.76.31,70.37.66.55,500,357,13.11,15.58,40.4,824.01,Transaction,NULL
2025-02-26 08:26:48,LoanProcessing,ERROR,Database connection lost,9983,SID-198888,165.199.147.132,17.152.148.206,500,3170,63.42,65.93,45.04,851.95,Database,AUTH_401
2025-03-05 08:26:48,LoanProcessing,ERROR,Database connection lost,4843,SID-553450,108.27.13.75,215.180.29.60,400,3674,86.17,17.17,23.6,269.31,API Gateway,AUTH_401
2025-02-25 08:26:48,LoanProcessing,ERROR,Database connection lost,6747,SID-548897,159.10.93.234,92.226.226.180,200,2085,67.66,53.97,44.91,997.26,Database,AUTH_401
2025-03-07 08:26:48,InsuranceApp,CRITICAL,User authentication failed,6237,SID-472011,213.255.203.232,49.161.203.67,200,2846,14.04,75.72,48.7,144.82,API Gateway,API_TIMEOUT
2025-03-11 08:26:48,InsuranceApp,CRITICAL,API response delayed,6223,SID-167010,161.249.194.175,237.5.10.43,502,2623,44.98,11.58,26.08,203.96,Database,API_TIMEOUT
2025-02-27 08:26:48,InsuranceApp,CRITICAL,Database connection lost,5915,SID-965884,15.122.210.102,234.208.245.97,502,1383,85.73,64.09,29.7,191.73,Database,NULL
2025-02-28 08:26:48,InsuranceApp,CRITICAL,Transaction processed,5976,SID-937822,33.183.50.109,57.30.31.237,502,1943,23.15,76.99,40.6,192.93,API Gateway,API_TIMEOUT
2025-02-23 08:26:48,LoanProcessing,CRITICAL,User authentication failed,3898,SID-769922,203.25.103.88,255.189.159.197,503,4986,29.73,54.37,46.02,631.27,Database,TXN_FAILURE
2025-03-15 08:26:48,InsuranceApp,INFO,API response delayed,2243,SID-935201,96.114.163.135,228.194.1.5,401,2576,31.39,39.42,48.74,263.2,Database,TXN_FAILURE
2025-03-10 08:26:48,FraudDetection,CRITICAL,Transaction processed,6906,SID-152723,10.153.82.247,113.236.30.145,401,65,23.65,58.0,3.75,379.37,API Gateway,API_TIMEOUT
2025-03-15 08:26:48,LoanProcessing,WARNING,Transaction processed,7310,SID-912305,207.22.97.9,13.195.207.224,401,4322,22.14,11.84,45.64,57.39,Database,API_TIMEOUT
2025-02-26 08:26:48,LoanProcessing,ERROR,API response delayed,9132,SID-649747,223.52.133.71,171.130.58.236,500,2236,70.45,45.86,46.33,595.78,API Gateway,DB_CONN_FAIL
2025-03-07 08:26:48,LoanProcessing,INFO,API response delayed,8449,SID-870268,208.185.86.143,166.73.167.207,400,4204,22.02,58.17,42.68,271.75,Database,TXN_FAILURE
2025-02-28 08:26:48,InsuranceApp,ERROR,API response delayed,2272,SID-156350,25.195.10.106,36.161.147.110,200,2792,80.41,22.09,39.41,850.23,Auth,NULL
2025-02-23 08:26:48,LoanProcessing,WARNING,Transaction processed,3536,SID-223259,90.30.51.210,121.231.64.109,403,2229,41.89,31.42,44.41,439.44,Auth,DB_CONN_FAIL
2025-02-24 08:26:48,InsuranceApp,INFO,User authentication failed,6323,SID-229469,139.140.45.237,125.35.129.195,502,258,55.91,75.42,22.91,130.75,API Gateway,AUTH_401
2025-03-05 08:26:48,FraudDetection,CRITICAL,API response delayed,5414,SID-391240,76.92.28.66,165.249.153.87,201,2875,44.99,50.88,32.13,238.8,Database,TXN_FAILURE
2025-03-11 08:26:48,InsuranceApp,WARNING,API response delayed,9525,SID-497930,169.242.155.111,141.125.239.161,401,1383,52.45,39.75,6.09,504.16,API Gateway,DB_CONN_FAIL
2025-03-16 08:26:48,BankingApp,ERROR,Transaction processed,3192,SID-106990,32.157.115.162,130.107.178.46,401,4032,35.11,30.15,44.9,153.07,Database,API_TIMEOUT
2025-02-22 08:26:48,FraudDetection,ERROR,Database connection lost,6007,SID-906994,250.32.197.41,250.183.118.177,401,4738,42.13,64.19,33.08,396.12,API Gateway,API_TIMEOUT
2025-02-25 08:26:48,LoanProcessing,WARNING,User authentication failed,5276,SID-108793,172.156.45.211,183.116.134.144,200,2288,28.38,33.58,25.03,289.15,API Gateway,DB_CONN_FAIL
2025-03-03 08:26:48,BankingApp,CRITICAL,User authentication failed,4770,SID-702859,186.206.192.208,93.8.163.157,503,557,28.02,57.01,4.07,483.98,Auth,API_TIMEOUT
2025-03-08 08:26:48,BankingApp,WARNING,Database connection lost,2156,SID-765075,127.41.133.39,93.35.203.6,403,3803,50.34,27.42,8.12,491.84,Database,NULL
2025-03-04 08:26:48,LoanProcessing,CRITICAL,API response delayed,5024,SID-823956,94.151.186.51,92.97.73.10,403,3880,16.99,20.93,21.85,747.87,Transaction,DB_CONN_FAIL
2025-03-16 08:26:48,LoanProcessing,ERROR,Transaction processed,3555,SID-601021,209.69.78.234,79.147.43.162,503,2502,72.29,35.41,49.73,86.95,Transaction,DB_CONN_FAIL
2025-03-18 08:26:48,FraudDetection,ERROR,User authentication failed,1792,SID-938682,14.165.179.245,222.6.146.23,401,3709,66.48,62.21,36.29,916.89,Auth,TXN_FAILURE
2025-02-26 08:26:48,LoanProcessing,WARNING,Transaction processed,3188,SID-673415,251.118.152.208,99.242.120.111,502,4922,21.83,70.17,27.7,675.7,API Gateway,DB_CONN_FAIL
2025-03-05 08:26:48,InsuranceApp,ERROR,Transaction processed,9372,SID-990893,125.248.40.4,129.150.169.16,500,3853,33.45,76.56,45.78,493.39,API Gateway,DB_CONN_FAIL
2025-03-16 08:26:48,LoanProcessing,ERROR,Database connection lost,4890,SID-401247,166.180.221.71,224.2.45.173,200,4028,53.41,27.78,30.06,794.53,API Gateway,AUTH_401
2025-02-22 08:26:48,InsuranceApp,CRITICAL,Database connection lost,4177,SID-922963,54.47.50.242,23.217.4.120,200,4234,14.33,64.32,14.93,834.26,Transaction,API_TIMEOUT
2025-03-12 08:26:48,InsuranceApp,WARNING,Transaction processed,2954,SID-648359,99.174.245.24,64.240.230.177,400,398,82.77,73.41,48.53,722.94,Auth,AUTH_401
2025-02-21 08:26:48,BankingApp,WARNING,User authentication failed,4119,SID-962817,231.35.28.130,240.214.147.92,403,2072,63.94,32.03,30.85,522.32,Database,TXN_FAILURE
2025-03-19 08:26:48,InsuranceApp,CRITICAL,API response delayed,1349,SID-232038,101.97.207.132,117.49.82.161,503,4782,21.17,66.87,42.85,579.69,API Gateway,AUTH_401
2025-02-24 08:26:48,InsuranceApp,WARNING,User authentication failed,5863,SID-510851,128.248.165.19,105.146.7.234,200,981,75.26,18.26,10.76,708.42,Transaction,DB_CONN_FAIL
2025-03-12 08:26:48,BankingApp,INFO,Database connection lost,1598,SID-329855,169.190.15.104,212.169.174.157,500,2336,23.67,74.15,14.51,675.29,Auth,DB_CONN_FAIL
2025-03-11 08:26:48,FraudDetection,WARNING,API response delayed,4709,SID-595894,246.86.3.17,153.169.160.149,400,3044,69.95,32.9,28.32,967.75,API Gateway,NULL
2025-02-17 08:26:48,FraudDetection,WARNING,Database connection lost,4129,SID-257316,201.86.45.36,89.32.171.154,404,3486,68.51,78.16,1.43,227.49,Transaction,API_TIMEOUT
2025-02-22 08:26:48,BankingApp,WARNING,Transaction processed,8822,SID-575136,95.209.245.144,78.167.62.47,401,608,48.34,63.86,42.96,513.63,API Gateway,TXN_FAILURE
2025-02-22 08:26:48,BankingApp,WARNING,User authentication failed,9966,SID-423581,85.126.74.209,113.239.173.39,400,4851,82.41,10.85,40.65,449.8,Auth,AUTH_401
2025-03-06 08:26:48,InsuranceApp,ERROR,User authentication failed,8816,SID-710000,220.98.124.223,91.120.159.75,200,2352,65.48,62.5,36.24,637.0,Auth,DB_CONN_FAIL
2025-03-05 08:26:48,BankingApp,WARNING,User authentication failed,5195,SID-981184,131.86.51.250,6.60.73.220,403,205,29.24,50.14,25.89,756.76,Auth,AUTH_401
2025-03-11 08:26:48,FraudDetection,ERROR,User authentication failed,2154,SID-742942,109.174.180.69,178.136.71.82,503,549,33.64,30.59,16.14,104.75,Database,NULL
2025-03-18 08:26:48,FraudDetection,ERROR,User authentication failed,6878,SID-466375,50.211.105.141,235.138.119.119,404,245,12.58,44.39,27.19,226.13,API Gateway,API_TIMEOUT
2025-03-07 08:26:48,LoanProcessing,WARNING,User authentication failed,7263,SID-820080,194.202.168.42,223.104.26.203,403,2641,58.35,13.46,13.48,924.83,API Gateway,NULL
2025-03-04 08:26:48,FraudDetection,WARNING,User authentication failed,2788,SID-727845,230.213.239.228,178.201.218.232,502,1797,81.82,44.4,6.51,875.93,Transaction,DB_CONN_FAIL
2025-03-19 08:26:48,FraudDetection,CRITICAL,User authentication failed,8100,SID-728767,179.151.45.248,224.56.107.238,201,1749,54.52,61.22,18.14,640.01,Transaction,API_TIMEOUT
2025-03-16 08:26:48,LoanProcessing,INFO,User authentication failed,9555,SID-106745,60.55.85.157,155.152.110.75,404,4778,23.01,77.75,7.14,31.67,Database,AUTH_401
2025-02-26 08:26:48,LoanProcessing,ERROR,API response delayed,2236,SID-904342,136.8.105.29,39.201.59.59,200,2375,19.24,51.89,19.46,334.68,Auth,AUTH_401
2025-03-16 08:26:48,InsuranceApp,INFO,Transaction processed,6714,SID-623844,158.60.85.111,126.161.136.47,401,4871,59.72,56.91,15.87,254.02,Auth,NULL
2025-03-12 08:26:48,LoanProcessing,ERROR,Database connection lost,5279,SID-532197,87.147.214.171,3.5.254.135,401,3225,89.17,58.61,29.78,48.74,Database,DB_CONN_FAIL
2025-03-15 08:26:48,LoanProcessing,CRITICAL,API response delayed,4736,SID-624229,151.200.232.112,231.11.174.5,200,335,67.54,53.4,46.53,206.12,Transaction,DB_CONN_FAIL
